dataset_name,path_type,acceleration_type,path_direction,path_number,sample_rate,ph,prediction_model,speed_avg,average_error,average_error_normal
VL_C_F_TD_3,VL_C,F,TD,3,full,1,CTRV,True,4.570775587666884,2.416930975421676
VL_C_F_TD_3,VL_C,F,TD,3,2.5hz,1,CTRV,True,29.71366048934949,0.663118767419144
VL_C_F_TD_3,VL_C,F,TD,3,10hz,1,CTRV,True,11.672355281256447,1.9561564568339354
VL_C_F_BU_5,VL_C,F,BU,5,full,1,CTRV,True,4.58532323741275,1.036046600713996
VL_C_F_BU_5,VL_C,F,BU,5,2.5hz,1,CTRV,True,,
VL_C_F_BU_5,VL_C,F,BU,5,10hz,1,CTRV,True,16.498636518068256,1.9036444054342303
VL_C_F_BU_6,VL_C,F,BU,6,full,1,CTRV,True,5.31420289161733,1.7528516058394523
VL_C_F_BU_6,VL_C,F,BU,6,2.5hz,1,CTRV,True,22.37698144328467,0.39088772588895715
VL_C_F_BU_6,VL_C,F,BU,6,10hz,1,CTRV,True,13.32606857269075,3.3415347776488815
VL_C_F_TD_5,VL_C,F,TD,5,full,1,CTRV,True,4.667765419333883,5.251339437775236
VL_C_F_TD_5,VL_C,F,TD,5,2.5hz,1,CTRV,True,,
VL_C_F_TD_5,VL_C,F,TD,5,10hz,1,CTRV,True,18.12869985053843,4.117214865903546
VL_C_A_TD_1,VL_C,A,TD,1,full,1,CTRV,True,6.373149975521856,1.8045349639006156
VL_C_A_TD_1,VL_C,A,TD,1,2.5hz,1,CTRV,True,37.70202957249745,0.5425946880006569
VL_C_A_TD_1,VL_C,A,TD,1,10hz,1,CTRV,True,15.678083679660638,4.111327480223972
VL_C_A_BU_3,VL_C,A,BU,3,full,1,CTRV,True,6.773277523413279,1.9779238529679184
VL_C_A_BU_3,VL_C,A,BU,3,2.5hz,1,CTRV,True,,
VL_C_A_BU_3,VL_C,A,BU,3,10hz,1,CTRV,True,15.062378529964324,0.8476339266352211
VL_C_A_BU_1,VL_C,A,BU,1,full,1,CTRV,True,4.717244410815991,1.000553183879591
VL_C_A_BU_1,VL_C,A,BU,1,2.5hz,1,CTRV,True,32.338446348089526,0.4546365117512994
VL_C_A_BU_1,VL_C,A,BU,1,10hz,1,CTRV,True,15.791671030264679,2.114541241840667
VL_C_F_TD_2,VL_C,F,TD,2,full,1,CTRV,True,4.215385500017836,1.2342009666716858
VL_C_F_TD_2,VL_C,F,TD,2,2.5hz,1,CTRV,True,24.326520407296204,0.8415431735425782
VL_C_F_TD_2,VL_C,F,TD,2,10hz,1,CTRV,True,11.519256235531044,2.3747764199350163
VL_C_A_TD_3,VL_C,A,TD,3,full,1,CTRV,True,4.732738172004015,1.2385071164134243
VL_C_A_TD_3,VL_C,A,TD,3,2.5hz,1,CTRV,True,22.626801963104203,0.4950351225241792
VL_C_A_TD_3,VL_C,A,TD,3,10hz,1,CTRV,True,13.367916028389908,1.9837974401220693
VL_C_F_TD_6,VL_C,F,TD,6,full,1,CTRV,True,3.9284024693065422,2.6359291377839016
VL_C_F_TD_6,VL_C,F,TD,6,2.5hz,1,CTRV,True,21.670646782351735,0.5107970008219795
VL_C_F_TD_6,VL_C,F,TD,6,10hz,1,CTRV,True,11.113566318898725,1.7179843573292437
VL_C_F_BU_1,VL_C,F,BU,1,full,1,CTRV,True,4.969937281945345,1.277956758343618
VL_C_F_BU_1,VL_C,F,BU,1,2.5hz,1,CTRV,True,20.322341284369138,0.4653814545043458
VL_C_F_BU_1,VL_C,F,BU,1,10hz,1,CTRV,True,13.997650634817546,1.8219846879799553
VL_C_F_TD_1,VL_C,F,TD,1,full,1,CTRV,True,6.301138434495621,1.5641909141779482
VL_C_F_TD_1,VL_C,F,TD,1,2.5hz,1,CTRV,True,5.585126501793648,0.18423723315389623
VL_C_F_TD_1,VL_C,F,TD,1,10hz,1,CTRV,True,14.388880594669317,1.7371587522051664
VL_C_F_TD_4,VL_C,F,TD,4,full,1,CTRV,True,3.5420016253829893,1.3840484264761082
VL_C_F_TD_4,VL_C,F,TD,4,2.5hz,1,CTRV,True,25.893842315697597,0.8593758903003148
VL_C_F_TD_4,VL_C,F,TD,4,10hz,1,CTRV,True,12.550752072749289,1.9892878208028508
VL_C_A_TD_2,VL_C,A,TD,2,full,1,CTRV,True,8.759246150871704,1.8038413246538592
VL_C_A_TD_2,VL_C,A,TD,2,2.5hz,1,CTRV,True,,
VL_C_A_TD_2,VL_C,A,TD,2,10hz,1,CTRV,True,14.91802081824298,1.5228103777355075
VL_C_A_BU_2,VL_C,A,BU,2,full,1,CTRV,True,6.02713685211224,0.7159241451087475
VL_C_A_BU_2,VL_C,A,BU,2,2.5hz,1,CTRV,True,,
VL_C_A_BU_2,VL_C,A,BU,2,10hz,1,CTRV,True,13.187952710048014,0.8313356841056292
VL_C_F_BU_4,VL_C,F,BU,4,full,1,CTRV,True,6.0738258138171135,1.3776256587373772
VL_C_F_BU_4,VL_C,F,BU,4,2.5hz,1,CTRV,True,,
VL_C_F_BU_4,VL_C,F,BU,4,10hz,1,CTRV,True,21.71297674489826,1.5595308381311421
VL_C_F_BU_3,VL_C,F,BU,3,full,1,CTRV,True,4.119208003110445,2.0805732317176244
VL_C_F_BU_3,VL_C,F,BU,3,2.5hz,1,CTRV,True,27.212903207066915,0.8220838141495173
VL_C_F_BU_3,VL_C,F,BU,3,10hz,1,CTRV,True,11.739654101278475,1.6450947673274618
VL_C_F_BU_2,VL_C,F,BU,2,full,1,CTRV,True,4.843575472855637,1.7102649384032402
VL_C_F_BU_2,VL_C,F,BU,2,2.5hz,1,CTRV,True,19.94585008052898,0.42174565422256294
VL_C_F_BU_2,VL_C,F,BU,2,10hz,1,CTRV,True,13.22043650564034,1.6569493434266684
HL_C_F_RL_4,HL_C,F,RL,4,full,1,CTRV,True,8.42295040415109,2.0055394822791657
HL_C_F_RL_4,HL_C,F,RL,4,2.5hz,1,CTRV,True,11.201931998163573,0.2811551842803373
HL_C_F_RL_4,HL_C,F,RL,4,10hz,1,CTRV,True,12.163774710339483,1.1803254662288813
HL_C_A_RL_2,HL_C,A,RL,2,full,1,CTRV,True,6.332770911271285,1.1177742835520668
HL_C_A_RL_2,HL_C,A,RL,2,2.5hz,1,CTRV,True,35.71777176501348,0.38176490022093146
HL_C_A_RL_2,HL_C,A,RL,2,10hz,1,CTRV,True,13.90775434386082,0.8089615989785433
HL_C_F_RL_3,HL_C,F,RL,3,full,1,CTRV,True,6.988380293831477,1.2584513790505147
HL_C_F_RL_3,HL_C,F,RL,3,2.5hz,1,CTRV,True,14.766707675621568,0.2884516609302725
HL_C_F_RL_3,HL_C,F,RL,3,10hz,1,CTRV,True,10.149601479938026,1.440358459933998
HL_C_F_RL_1,HL_C,F,RL,1,full,1,CTRV,True,5.448734049721461,1.6626908564050153
HL_C_F_RL_1,HL_C,F,RL,1,2.5hz,1,CTRV,True,14.095061627288674,0.2939941642980303
HL_C_F_RL_1,HL_C,F,RL,1,10hz,1,CTRV,True,10.827129385665222,1.2138204622915378
HL_C_A_LR_1,HL_C,A,LR,1,full,1,CTRV,True,5.700315725261049,1.1564957558168052
HL_C_A_LR_1,HL_C,A,LR,1,2.5hz,1,CTRV,True,36.52133827928724,0.5334282919417792
HL_C_A_LR_1,HL_C,A,LR,1,10hz,1,CTRV,True,12.778040137546297,0.81984259115295
HL_C_A_RL_3,HL_C,A,RL,3,full,1,CTRV,True,5.697455097368872,1.3844066841400766
HL_C_A_RL_3,HL_C,A,RL,3,2.5hz,1,CTRV,True,56.53596227578581,1.0509296682930986
HL_C_A_RL_3,HL_C,A,RL,3,10hz,1,CTRV,True,11.399611634183362,1.011367309034514
HL_C_F_LR_1,HL_C,F,LR,1,full,1,CTRV,True,4.790834054778097,1.0540173908425376
HL_C_F_LR_1,HL_C,F,LR,1,2.5hz,1,CTRV,True,18.433003261703263,0.3725940121795118
HL_C_F_LR_1,HL_C,F,LR,1,10hz,1,CTRV,True,10.570118122350044,1.2426533356886607
HL_C_F_LR_3,HL_C,F,LR,3,full,1,CTRV,True,5.7301893497245375,1.2604242021170722
HL_C_F_LR_3,HL_C,F,LR,3,2.5hz,1,CTRV,True,14.963696478363298,0.24324947904755131
HL_C_F_LR_3,HL_C,F,LR,3,10hz,1,CTRV,True,11.364178725777316,0.8209684962962609
HL_C_F_LR_4,HL_C,F,LR,4,full,1,CTRV,True,5.507578935245616,1.3396365019262448
HL_C_F_LR_4,HL_C,F,LR,4,2.5hz,1,CTRV,True,25.776023643911252,0.421501373391535
HL_C_F_LR_4,HL_C,F,LR,4,10hz,1,CTRV,True,11.038626721301936,1.2181328313459028
HL_C_A_LR_3,HL_C,A,LR,3,full,1,CTRV,True,6.099856530222828,1.589509283361778
HL_C_A_LR_3,HL_C,A,LR,3,2.5hz,1,CTRV,True,34.351345932480484,0.7336226781138032
HL_C_A_LR_3,HL_C,A,LR,3,10hz,1,CTRV,True,9.14476581958492,0.8808747792363695
HL_C_A_LR_2,HL_C,A,LR,2,full,1,CTRV,True,6.3216118405727375,1.003549262342734
HL_C_A_LR_2,HL_C,A,LR,2,2.5hz,1,CTRV,True,37.59234429110809,0.5280665762579728
HL_C_A_LR_2,HL_C,A,LR,2,10hz,1,CTRV,True,11.686063396115859,0.8305485500991989
HL_C_F_RL_6,HL_C,F,RL,6,full,1,CTRV,True,8.49390654724228,2.0551217326590785
HL_C_F_RL_6,HL_C,F,RL,6,2.5hz,1,CTRV,True,16.723419647758963,0.37835363257645693
HL_C_F_RL_6,HL_C,F,RL,6,10hz,1,CTRV,True,12.560677363433363,1.6923078707759436
HL_C_A_RL_1,HL_C,A,RL,1,full,1,CTRV,True,6.399355562899005,1.4422711537203559
HL_C_A_RL_1,HL_C,A,RL,1,2.5hz,1,CTRV,True,45.45848581626607,1.1241860655938367
HL_C_A_RL_1,HL_C,A,RL,1,10hz,1,CTRV,True,10.68150228598652,2.0131209980391414
HL_C_F_RL_5,HL_C,F,RL,5,full,1,CTRV,True,10.586322577669515,2.5292921867116003
HL_C_F_RL_5,HL_C,F,RL,5,2.5hz,1,CTRV,True,36.804551715225045,0.5639401651746379
HL_C_F_RL_5,HL_C,F,RL,5,10hz,1,CTRV,True,20.218042002319006,1.5977997465736677
HL_C_F_LR_2,HL_C,F,LR,2,full,1,CTRV,True,5.196377077719454,1.2374891191906465
HL_C_F_LR_2,HL_C,F,LR,2,2.5hz,1,CTRV,True,13.212543771294307,0.2600211055825277
HL_C_F_LR_2,HL_C,F,LR,2,10hz,1,CTRV,True,9.212995865372983,0.9255427035395017
HL_C_F_LR_6,HL_C,F,LR,6,full,1,CTRV,True,4.652281562295786,1.5679315196415817
HL_C_F_LR_6,HL_C,F,LR,6,2.5hz,1,CTRV,True,14.940562094900788,0.41906718321048897
HL_C_F_LR_6,HL_C,F,LR,6,10hz,1,CTRV,True,9.429284568252195,1.4223750697546558
HL_C_F_RL_2,HL_C,F,RL,2,full,1,CTRV,True,5.916223988194707,1.1213350584733328
HL_C_F_RL_2,HL_C,F,RL,2,2.5hz,1,CTRV,True,14.34539659546677,0.2827545272776215
HL_C_F_RL_2,HL_C,F,RL,2,10hz,1,CTRV,True,14.589585832411016,1.45882516415195
HL_C_F_LR_5,HL_C,F,LR,5,full,1,CTRV,True,6.607468790897802,1.3941621827350241
HL_C_F_LR_5,HL_C,F,LR,5,2.5hz,1,CTRV,True,40.44249791986103,0.697076079309847
HL_C_F_LR_5,HL_C,F,LR,5,10hz,1,CTRV,True,11.84075505108657,1.0105401979027353
DL_C_F_TLBR_5,DL_C,F,TLBR,5,full,1,CTRV,True,8.784965050022718,1.7282956692791807
DL_C_F_TLBR_5,DL_C,F,TLBR,5,2.5hz,1,CTRV,True,14.32104707691074,0.25196292955888394
DL_C_F_TLBR_5,DL_C,F,TLBR,5,10hz,1,CTRV,True,11.318349142651282,1.2361476613453664
DL_C_F_BRTL_5,DL_C,F,BRTL,5,full,1,CTRV,True,7.924383760452731,1.5440822501653277
DL_C_F_BRTL_5,DL_C,F,BRTL,5,2.5hz,1,CTRV,True,8.669496911691288,0.1546632406896776
DL_C_F_BRTL_5,DL_C,F,BRTL,5,10hz,1,CTRV,True,12.167094057186539,0.9769754154174963
DL_C_A_BRTL_2,DL_C,A,BRTL,2,full,1,CTRV,True,5.906908375546338,1.2829328859199394
DL_C_A_BRTL_2,DL_C,A,BRTL,2,2.5hz,1,CTRV,True,34.698438004000636,0.47818754828294957
DL_C_A_BRTL_2,DL_C,A,BRTL,2,10hz,1,CTRV,True,15.99862324540527,1.061958480374883
DL_C_F_BRTL_1,DL_C,F,BRTL,1,full,1,CTRV,True,8.305863183841803,1.3902379601633503
DL_C_F_BRTL_1,DL_C,F,BRTL,1,2.5hz,1,CTRV,True,17.235434424935267,0.352256661174966
DL_C_F_BRTL_1,DL_C,F,BRTL,1,10hz,1,CTRV,True,16.573868427846797,1.2579506139580552
DL_C_F_TLBR_6,DL_C,F,TLBR,6,full,1,CTRV,True,6.271449719501099,1.8325937250532323
DL_C_F_TLBR_6,DL_C,F,TLBR,6,2.5hz,1,CTRV,True,15.167213946915187,0.34937975934723986
DL_C_F_TLBR_6,DL_C,F,TLBR,6,10hz,1,CTRV,True,14.866890597089773,1.902567930992398
DL_C_F_BRTL_2,DL_C,F,BRTL,2,full,1,CTRV,True,15.568642879763697,2.2757798890537884
DL_C_F_BRTL_2,DL_C,F,BRTL,2,2.5hz,1,CTRV,True,3.3178063595248006,0.04834213887725807
DL_C_F_BRTL_2,DL_C,F,BRTL,2,10hz,1,CTRV,True,19.743180327069645,3.2487422030189115
DL_C_A_TLBR_3,DL_C,A,TLBR,3,full,1,CTRV,True,5.91382023915547,1.2231395072265074
DL_C_A_TLBR_3,DL_C,A,TLBR,3,2.5hz,1,CTRV,True,35.387243074175785,0.640531480115771
DL_C_A_TLBR_3,DL_C,A,TLBR,3,10hz,1,CTRV,True,14.243433877858392,1.0645045113644924
DL_C_A_TLBR_1,DL_C,A,TLBR,1,full,1,CTRV,True,7.70076270069713,1.6311185683281992
DL_C_A_TLBR_1,DL_C,A,TLBR,1,2.5hz,1,CTRV,True,27.387661852897565,0.5073789991893157
DL_C_A_TLBR_1,DL_C,A,TLBR,1,10hz,1,CTRV,True,17.37600735100673,2.0508980401757824
DL_C_F_TLBR_2,DL_C,F,TLBR,2,full,1,CTRV,True,9.51366244369682,1.9946716018058064
DL_C_F_TLBR_2,DL_C,F,TLBR,2,2.5hz,1,CTRV,True,12.415807571885113,0.21697114583774849
DL_C_F_TLBR_2,DL_C,F,TLBR,2,10hz,1,CTRV,True,23.705074815501586,3.0753167205517653
DL_C_F_TLBR_4,DL_C,F,TLBR,4,full,1,CTRV,True,5.779156630383885,1.6764627832322456
DL_C_F_TLBR_4,DL_C,F,TLBR,4,2.5hz,1,CTRV,True,17.14891625754738,0.4763312122707582
DL_C_F_TLBR_4,DL_C,F,TLBR,4,10hz,1,CTRV,True,10.632201668100679,1.5741214176225267
DL_C_A_TLBR_2,DL_C,A,TLBR,2,full,1,CTRV,True,7.6348987279561475,1.2086315032709076
DL_C_A_TLBR_2,DL_C,A,TLBR,2,2.5hz,1,CTRV,True,52.4319597517357,0.5409616077936716
DL_C_A_TLBR_2,DL_C,A,TLBR,2,10hz,1,CTRV,True,13.451558091677061,0.7416489936178039
DL_C_A_BRTL_1,DL_C,A,BRTL,1,full,1,CTRV,True,8.54004783321688,1.1580771763080575
DL_C_A_BRTL_1,DL_C,A,BRTL,1,2.5hz,1,CTRV,True,50.95574600878629,0.48239149756940786
DL_C_A_BRTL_1,DL_C,A,BRTL,1,10hz,1,CTRV,True,19.53876757805337,1.4073276453768961
DL_C_A_BRTL_3,DL_C,A,BRTL,3,full,1,CTRV,True,6.802389096583565,1.4294638604003933
DL_C_A_BRTL_3,DL_C,A,BRTL,3,2.5hz,1,CTRV,True,36.41618224360596,0.46459644166352004
DL_C_A_BRTL_3,DL_C,A,BRTL,3,10hz,1,CTRV,True,13.824142050790464,0.9332220629395209
DL_C_F_BRTL_6,DL_C,F,BRTL,6,full,1,CTRV,True,4.966037882585827,1.7066988009455508
DL_C_F_BRTL_6,DL_C,F,BRTL,6,2.5hz,1,CTRV,True,9.888726924083112,0.2532434176024906
DL_C_F_BRTL_6,DL_C,F,BRTL,6,10hz,1,CTRV,True,9.243111722765143,1.5138179401718606
DL_C_F_BRTL_4,DL_C,F,BRTL,4,full,1,CTRV,True,8.140034464155093,1.3972041632660592
DL_C_F_BRTL_4,DL_C,F,BRTL,4,2.5hz,1,CTRV,True,19.71476030659764,0.36622697876758203
DL_C_F_BRTL_4,DL_C,F,BRTL,4,10hz,1,CTRV,True,12.610045407134058,1.1484387845838628
DL_C_F_BRTL_3,DL_C,F,BRTL,3,full,1,CTRV,True,5.835156997624909,1.2978445310657416
DL_C_F_BRTL_3,DL_C,F,BRTL,3,2.5hz,1,CTRV,True,16.906217134217304,0.2678309836564878
DL_C_F_BRTL_3,DL_C,F,BRTL,3,10hz,1,CTRV,True,11.704990180180268,0.9533379512048661
DL_C_F_TLBR_1,DL_C,F,TLBR,1,full,1,CTRV,True,6.601851538810952,1.5162804076941612
DL_C_F_TLBR_1,DL_C,F,TLBR,1,2.5hz,1,CTRV,True,26.278466040084837,0.6022175414382582
DL_C_F_TLBR_1,DL_C,F,TLBR,1,10hz,1,CTRV,True,14.158077338276454,1.3340820032734655
DL_C_F_TLBR_3,DL_C,F,TLBR,3,full,1,CTRV,True,6.370049991568658,1.3713319894001248
DL_C_F_TLBR_3,DL_C,F,TLBR,3,2.5hz,1,CTRV,True,13.127962560634343,0.24342302744073696
DL_C_F_TLBR_3,DL_C,F,TLBR,3,10hz,1,CTRV,True,12.592820627075659,1.0776178439109478
IL_C_A_RCW_3,IL_C,A,RCW,3,full,1,CTRV,True,3.9849545503109844,1.681078821243435
IL_C_A_RCW_3,IL_C,A,RCW,3,2.5hz,1,CTRV,True,25.483786033046638,1.496186739558641
IL_C_A_RCW_3,IL_C,A,RCW,3,10hz,1,CTRV,True,8.799433025777942,1.6337373889281706
IL_C_A_RCCW_4,IL_C,A,RCCW,4,full,1,CTRV,True,4.767168744116047,1.8985287357576432
IL_C_A_RCCW_4,IL_C,A,RCCW,4,2.5hz,1,CTRV,True,20.679249949615983,0.5836903168917387
IL_C_A_RCCW_4,IL_C,A,RCCW,4,10hz,1,CTRV,True,10.454988284747369,1.4992452368996678
IL_C_F_RCCW_4,IL_C,F,RCCW,4,full,1,CTRV,True,4.991134326936105,2.124082403767145
IL_C_F_RCCW_4,IL_C,F,RCCW,4,2.5hz,1,CTRV,True,22.542919180820324,0.7879097206975904
IL_C_F_RCCW_4,IL_C,F,RCCW,4,10hz,1,CTRV,True,9.855572839803814,1.6569776342132443
IL_C_F_RCCW_3,IL_C,F,RCCW,3,full,1,CTRV,True,4.76196599109694,1.8425811900046742
IL_C_F_RCCW_3,IL_C,F,RCCW,3,2.5hz,1,CTRV,True,26.512880381221272,0.8460917573347164
IL_C_F_RCCW_3,IL_C,F,RCCW,3,10hz,1,CTRV,True,10.52057896935932,1.7188083375557694
IL_C_F_RCCW_1,IL_C,F,RCCW,1,full,1,CTRV,True,4.31450983717426,1.710633209888715
IL_C_F_RCCW_1,IL_C,F,RCCW,1,2.5hz,1,CTRV,True,19.183553907553268,0.6517584339698578
IL_C_F_RCCW_1,IL_C,F,RCCW,1,10hz,1,CTRV,True,9.837131226778219,2.02057335719068
IL_C_A_RCW_2,IL_C,A,RCW,2,full,1,CTRV,True,5.456596987380206,1.8355871510235187
IL_C_A_RCW_2,IL_C,A,RCW,2,2.5hz,1,CTRV,True,24.98743268732217,0.556174279928085
IL_C_A_RCW_2,IL_C,A,RCW,2,10hz,1,CTRV,True,11.953406000393722,1.7583489094074867
IL_C_F_RCW_4,IL_C,F,RCW,4,full,1,CTRV,True,6.086801673762896,1.6512739285730589
IL_C_F_RCW_4,IL_C,F,RCW,4,2.5hz,1,CTRV,True,28.779368589334442,0.76841842876574
IL_C_F_RCW_4,IL_C,F,RCW,4,10hz,1,CTRV,True,13.906476348056968,1.8377451583559146
IL_C_F_RCW_6,IL_C,F,RCW,6,full,1,CTRV,True,5.6884175307998825,1.7887066129545615
IL_C_F_RCW_6,IL_C,F,RCW,6,2.5hz,1,CTRV,True,25.79710743568987,0.6496517176778638
IL_C_F_RCW_6,IL_C,F,RCW,6,10hz,1,CTRV,True,11.648019924895657,1.5568837294957152
IL_C_F_RCW_2,IL_C,F,RCW,2,full,1,CTRV,True,4.858677257441821,1.5329633045068536
IL_C_F_RCW_2,IL_C,F,RCW,2,2.5hz,1,CTRV,True,24.63632325701288,0.822737440643419
IL_C_F_RCW_2,IL_C,F,RCW,2,10hz,1,CTRV,True,11.386123047789773,2.0295872512967787
IL_C_F_RCW_1,IL_C,F,RCW,1,full,1,CTRV,True,5.5116879520201705,1.5741544551603248
IL_C_F_RCW_1,IL_C,F,RCW,1,2.5hz,1,CTRV,True,28.86044966847459,1.1445982723202137
IL_C_F_RCW_1,IL_C,F,RCW,1,10hz,1,CTRV,True,11.576756903412777,1.6100381590589692
IL_C_A_RCCW_2,IL_C,A,RCCW,2,full,1,CTRV,True,5.861352370415327,1.395238029801755
IL_C_A_RCCW_2,IL_C,A,RCCW,2,2.5hz,1,CTRV,True,39.523531515572614,0.8596938433997753
IL_C_A_RCCW_2,IL_C,A,RCCW,2,10hz,1,CTRV,True,13.626239208756825,1.5059469117914819
IL_C_A_RCCW_3,IL_C,A,RCCW,3,full,1,CTRV,True,5.317044351804906,1.6682765465899652
IL_C_A_RCCW_3,IL_C,A,RCCW,3,2.5hz,1,CTRV,True,15.238600707047611,0.45927811060578977
IL_C_A_RCCW_3,IL_C,A,RCCW,3,10hz,1,CTRV,True,11.5886360237023,2.245770923318909
IL_C_A_RCCW_1,IL_C,A,RCCW,1,full,1,CTRV,True,4.661453739290216,1.3907151813675984
IL_C_A_RCCW_1,IL_C,A,RCCW,1,2.5hz,1,CTRV,True,29.314649105859147,0.950598529940402
IL_C_A_RCCW_1,IL_C,A,RCCW,1,10hz,1,CTRV,True,11.87189848668093,1.752469780644832
IL_C_F_RCW_7,IL_C,F,RCW,7,full,1,CTRV,True,4.914683224294502,1.5510189689187062
IL_C_F_RCW_7,IL_C,F,RCW,7,2.5hz,1,CTRV,True,19.689455744620204,0.5731370255440992
IL_C_F_RCW_7,IL_C,F,RCW,7,10hz,1,CTRV,True,9.646264547921751,1.791972233330373
IL_C_F_RCW_3,IL_C,F,RCW,3,full,1,CTRV,True,4.661248042439247,1.573774184472337
IL_C_F_RCW_3,IL_C,F,RCW,3,2.5hz,1,CTRV,True,22.45951026808286,0.652620322668548
IL_C_F_RCW_3,IL_C,F,RCW,3,10hz,1,CTRV,True,9.616927373284375,1.3714532972342133
IL_C_A_RCW_1,IL_C,A,RCW,1,full,1,CTRV,True,7.595395036364438,1.885362088186792
IL_C_A_RCW_1,IL_C,A,RCW,1,2.5hz,1,CTRV,True,19.85475595347814,0.5172905771664973
IL_C_A_RCW_1,IL_C,A,RCW,1,10hz,1,CTRV,True,16.682854448123578,1.588151347164284
IL_C_A_RCW_4,IL_C,A,RCW,4,full,1,CTRV,True,5.326891249827643,1.4200687024433523
IL_C_A_RCW_4,IL_C,A,RCW,4,2.5hz,1,CTRV,True,28.064738526870997,0.7858574372455811
IL_C_A_RCW_4,IL_C,A,RCW,4,10hz,1,CTRV,True,11.26077998851346,1.6413393194287076
IL_C_F_RCCW_2,IL_C,F,RCCW,2,full,1,CTRV,True,3.9959535743637247,2.147862087284549
IL_C_F_RCCW_2,IL_C,F,RCCW,2,2.5hz,1,CTRV,True,23.311474884464396,1.3627578516401224
IL_C_F_RCCW_2,IL_C,F,RCCW,2,10hz,1,CTRV,True,8.830591809255482,1.7743514409808714
IL_C_F_RCW_5,IL_C,F,RCW,5,full,1,CTRV,True,5.025234510031383,1.934406802276712
IL_C_F_RCW_5,IL_C,F,RCW,5,2.5hz,1,CTRV,True,18.504279500852196,0.5441406627008657
IL_C_F_RCW_5,IL_C,F,RCW,5,10hz,1,CTRV,True,10.041755872875346,2.8844572470526946
SP_C_A_CCW_4,SP_C,A,CCW,4,full,1,CTRV,True,5.374032177280387,1.6843709862077885
SP_C_A_CCW_4,SP_C,A,CCW,4,2.5hz,1,CTRV,True,23.30827423382219,0.6540192015641342
SP_C_A_CCW_4,SP_C,A,CCW,4,10hz,1,CTRV,True,11.024735650427557,2.199707192853257
SP_C_A_CW_4,SP_C,A,CW,4,full,1,CTRV,True,4.771245553138422,1.9152779007802194
SP_C_A_CW_4,SP_C,A,CW,4,2.5hz,1,CTRV,True,19.40203119507622,1.9101286184068709
SP_C_A_CW_4,SP_C,A,CW,4,10hz,1,CTRV,True,9.66547279460143,1.8697248670100854
SP_C_A_CCW_1,SP_C,A,CCW,1,full,1,CTRV,True,4.615048202502972,1.8307795278397334
SP_C_A_CCW_1,SP_C,A,CCW,1,2.5hz,1,CTRV,True,20.97583197670706,0.7687883375557557
SP_C_A_CCW_1,SP_C,A,CCW,1,10hz,1,CTRV,True,9.945647945087268,1.660305482255336
SP_C_F_CW_2,SP_C,F,CW,2,full,1,CTRV,True,4.176207578235746,1.9679642752664015
SP_C_F_CW_2,SP_C,F,CW,2,2.5hz,1,CTRV,True,21.50842843069706,0.7756124635478625
SP_C_F_CW_2,SP_C,F,CW,2,10hz,1,CTRV,True,9.46356201248716,2.6615701479067724
SP_C_F_CCW_2,SP_C,F,CCW,2,full,1,CTRV,True,8.273626545099004,1.9525199070130899
SP_C_F_CCW_2,SP_C,F,CCW,2,2.5hz,1,CTRV,True,28.564725616866617,0.6992986707993101
SP_C_F_CCW_2,SP_C,F,CCW,2,10hz,1,CTRV,True,13.97541369897406,1.604083709267236
SP_C_A_CW_2,SP_C,A,CW,2,full,1,CTRV,True,5.764849379738087,1.876903922777583
SP_C_A_CW_2,SP_C,A,CW,2,2.5hz,1,CTRV,True,22.849437044481892,2.1027887020956686
SP_C_A_CW_2,SP_C,A,CW,2,10hz,1,CTRV,True,9.626469175490524,1.4317822731651146
SP_C_F_CW_3,SP_C,F,CW,3,full,1,CTRV,True,5.223148214612731,1.4619379768999563
SP_C_F_CW_3,SP_C,F,CW,3,2.5hz,1,CTRV,True,16.335770102205323,0.48090342333932096
SP_C_F_CW_3,SP_C,F,CW,3,10hz,1,CTRV,True,12.373594179089523,1.8233027803005037
SP_C_A_CW_1,SP_C,A,CW,1,full,1,CTRV,True,4.2458057679784025,1.7551250258202231
SP_C_A_CW_1,SP_C,A,CW,1,2.5hz,1,CTRV,True,23.521115952371986,1.1550000883122686
SP_C_A_CW_1,SP_C,A,CW,1,10hz,1,CTRV,True,9.284878934252715,1.640058802364894
SP_C_A_CCW_2,SP_C,A,CCW,2,full,1,CTRV,True,8.331316961110094,1.7781437800607114
SP_C_A_CCW_2,SP_C,A,CCW,2,2.5hz,1,CTRV,True,45.89958306077926,1.4659340838901742
SP_C_A_CCW_2,SP_C,A,CCW,2,10hz,1,CTRV,True,13.440015397353893,1.7078466470574318
SP_C_A_CCW_3,SP_C,A,CCW,3,full,1,CTRV,True,4.589717982616939,1.4584748517291397
SP_C_A_CCW_3,SP_C,A,CCW,3,2.5hz,1,CTRV,True,18.51562453009275,0.6825265042736539
SP_C_A_CCW_3,SP_C,A,CCW,3,10hz,1,CTRV,True,10.492385841614407,1.471146904412118
SP_C_F_CCW_3,SP_C,F,CCW,3,full,1,CTRV,True,5.308419450373603,1.6630654883670937
SP_C_F_CCW_3,SP_C,F,CCW,3,2.5hz,1,CTRV,True,19.080840087173836,0.7859041017547523
SP_C_F_CCW_3,SP_C,F,CCW,3,10hz,1,CTRV,True,9.184046197007987,1.9770708590349133
SP_C_A_CW_3,SP_C,A,CW,3,full,1,CTRV,True,4.2458057679784025,1.7551250258202231
SP_C_A_CW_3,SP_C,A,CW,3,2.5hz,1,CTRV,True,23.521115952371986,1.1550000883122686
SP_C_A_CW_3,SP_C,A,CW,3,10hz,1,CTRV,True,9.284878934252715,1.640058802364894
SP_C_F_CCW_4,SP_C,F,CCW,4,full,1,CTRV,True,5.46773972476112,1.8832297251873948
SP_C_F_CCW_4,SP_C,F,CCW,4,2.5hz,1,CTRV,True,27.328602092321347,1.2183132465931952
SP_C_F_CCW_4,SP_C,F,CCW,4,10hz,1,CTRV,True,10.761758051071073,1.5656216461920738
SP_C_F_CW_4,SP_C,F,CW,4,full,1,CTRV,True,4.808909870238628,1.7351061109861132
SP_C_F_CW_4,SP_C,F,CW,4,2.5hz,1,CTRV,True,17.753367716565556,0.6177282983585828
SP_C_F_CW_4,SP_C,F,CW,4,10hz,1,CTRV,True,10.246922542408896,2.411238109418399
SP_C_F_CW_1,SP_C,F,CW,1,full,1,CTRV,True,4.030627064430981,1.6201620979455442
SP_C_F_CW_1,SP_C,F,CW,1,2.5hz,1,CTRV,True,17.52467616322415,0.8959425894635338
SP_C_F_CW_1,SP_C,F,CW,1,10hz,1,CTRV,True,8.75622836873757,1.5460422019658502
SP_C_F_CCW_1,SP_C,F,CCW,1,full,1,CTRV,True,5.695658400542098,1.7446106167026592
SP_C_F_CCW_1,SP_C,F,CCW,1,2.5hz,1,CTRV,True,23.63290475515209,0.754487566240993
SP_C_F_CCW_1,SP_C,F,CCW,1,10hz,1,CTRV,True,9.866205907719147,1.5282094823171828
CP_C_F_CW_1,CP_C,F,CW,1,full,1,CTRV,True,5.517244038701371,1.8134691279281725
CP_C_F_CW_1,CP_C,F,CW,1,2.5hz,1,CTRV,True,22.57659997709588,0.6825079096033433
CP_C_F_CW_1,CP_C,F,CW,1,10hz,1,CTRV,True,12.605060997736912,1.4598146524030804
CP_C_F_CCW_1,CP_C,F,CCW,1,full,1,CTRV,True,4.8340524047105164,1.5863362158650858
CP_C_F_CCW_1,CP_C,F,CCW,1,2.5hz,1,CTRV,True,23.839219371693847,0.8316356789196495
CP_C_F_CCW_1,CP_C,F,CCW,1,10hz,1,CTRV,True,11.25739557271081,2.039125386878474
CP_C_F_CCW_111,CP_C,F,CCW,111,full,1,CTRV,True,4.8340524047105164,1.5863362158650858
CP_C_F_CCW_111,CP_C,F,CCW,111,2.5hz,1,CTRV,True,44.40103539841663,0.5934798908174039
CP_C_F_CCW_111,CP_C,F,CCW,111,10hz,1,CTRV,True,11.25739557271081,2.039125386878474
CP_C_A_CCW_3,CP_C,A,CCW,3,full,1,CTRV,True,5.4092540529839255,1.269986533084538
CP_C_A_CCW_3,CP_C,A,CCW,3,2.5hz,1,CTRV,True,36.885885557998364,0.6105552684164673
CP_C_A_CCW_3,CP_C,A,CCW,3,10hz,1,CTRV,True,12.222583716200756,1.2969947015349017
CP_C_A_CCW_1,CP_C,A,CCW,1,full,1,CTRV,True,6.2666748480574235,1.6387446377384696
CP_C_A_CCW_1,CP_C,A,CCW,1,2.5hz,1,CTRV,True,22.927546439646125,0.5650075607927366
CP_C_A_CCW_1,CP_C,A,CCW,1,10hz,1,CTRV,True,10.648779819017241,1.5821684293013119
CP_C_F_CW_4,CP_C,F,CW,4,full,1,CTRV,True,4.848532159537823,1.439187168305841
CP_C_F_CW_4,CP_C,F,CW,4,2.5hz,1,CTRV,True,24.190936406794684,0.6106049847065631
CP_C_F_CW_4,CP_C,F,CW,4,10hz,1,CTRV,True,13.457456292263155,2.3299895419694163
CP_C_F_CW_3,CP_C,F,CW,3,full,1,CTRV,True,4.902812617577098,1.577681929908723
CP_C_F_CW_3,CP_C,F,CW,3,2.5hz,1,CTRV,True,21.045529094362724,0.6007332199131099
CP_C_F_CW_3,CP_C,F,CW,3,10hz,1,CTRV,True,11.243868806398767,1.6213633314568163
CP_C_F_CW_2,CP_C,F,CW,2,full,1,CTRV,True,5.924245072139144,1.7321507571375856
CP_C_F_CW_2,CP_C,F,CW,2,2.5hz,1,CTRV,True,20.106996617045546,0.45728366899535533
CP_C_F_CW_2,CP_C,F,CW,2,10hz,1,CTRV,True,13.181254821139305,1.6766281671487755
CP_C_A_CW_2,CP_C,A,CW,2,full,1,CTRV,True,6.150447855200776,1.6300836217294723
CP_C_A_CW_2,CP_C,A,CW,2,2.5hz,1,CTRV,True,27.828466441505984,0.5831068370093182
CP_C_A_CW_2,CP_C,A,CW,2,10hz,1,CTRV,True,14.027370487639933,1.546973348269294
CP_C_A_CW_3,CP_C,A,CW,3,full,1,CTRV,True,5.581510034625477,1.3772024664667155
CP_C_A_CW_3,CP_C,A,CW,3,2.5hz,1,CTRV,True,21.22158403387796,0.4219451392555082
CP_C_A_CW_3,CP_C,A,CW,3,10hz,1,CTRV,True,13.329089667261911,1.2773387004308054
CP_C_A_CCW_2,CP_C,A,CCW,2,full,1,CTRV,True,6.278666022395028,1.3927133395758344
CP_C_A_CCW_2,CP_C,A,CCW,2,2.5hz,1,CTRV,True,24.033815593033626,0.4607541609967559
CP_C_A_CCW_2,CP_C,A,CCW,2,10hz,1,CTRV,True,14.085911921144532,1.8296619915689178
CP_C_F_CCW_2,CP_C,F,CCW,2,full,1,CTRV,True,4.281132479115422,1.433466247476889
CP_C_F_CCW_2,CP_C,F,CCW,2,2.5hz,1,CTRV,True,23.470836551411853,0.8735543380957905
CP_C_F_CCW_2,CP_C,F,CCW,2,10hz,1,CTRV,True,10.846502795446074,1.640277615136605
CP_C_F_CCW_3,CP_C,F,CCW,3,full,1,CTRV,True,4.791562696154013,1.1713465399580376
CP_C_F_CCW_3,CP_C,F,CCW,3,2.5hz,1,CTRV,True,32.95260347448189,0.6786783619917922
CP_C_F_CCW_3,CP_C,F,CCW,3,10hz,1,CTRV,True,11.279539784846689,1.6574822993752967
CP_C_A_CW_1,CP_C,A,CW,1,full,1,CTRV,True,5.686546873531977,1.544942062894436
CP_C_A_CW_1,CP_C,A,CW,1,2.5hz,1,CTRV,True,25.088781979755343,0.5231276483761917
CP_C_A_CW_1,CP_C,A,CW,1,10hz,1,CTRV,True,11.159509846386788,1.5730360466781372
VL_C_F_TD_3,VL_C,F,TD,3,full,1,CTRV,False,4.755857349948127,2.177214849031305
VL_C_F_TD_3,VL_C,F,TD,3,2.5hz,1,CTRV,False,28.60558921955926,0.6627677270779081
VL_C_F_TD_3,VL_C,F,TD,3,10hz,1,CTRV,False,10.435658331013048,1.8672778919678639
VL_C_F_BU_5,VL_C,F,BU,5,full,1,CTRV,False,4.512109727224883,0.9836725648729693
VL_C_F_BU_5,VL_C,F,BU,5,2.5hz,1,CTRV,False,,
VL_C_F_BU_5,VL_C,F,BU,5,10hz,1,CTRV,False,13.459333889851031,1.6191554327510602
VL_C_F_BU_6,VL_C,F,BU,6,full,1,CTRV,False,5.270247750295846,1.4868586235200825
VL_C_F_BU_6,VL_C,F,BU,6,2.5hz,1,CTRV,False,22.27138050717328,0.38904305752414897
VL_C_F_BU_6,VL_C,F,BU,6,10hz,1,CTRV,False,12.618488825036552,3.495351907373882
VL_C_F_TD_5,VL_C,F,TD,5,full,1,CTRV,False,4.298933367184046,4.512429639569128
VL_C_F_TD_5,VL_C,F,TD,5,2.5hz,1,CTRV,False,,
VL_C_F_TD_5,VL_C,F,TD,5,10hz,1,CTRV,False,16.047453816355855,3.512870207037194
VL_C_A_TD_1,VL_C,A,TD,1,full,1,CTRV,False,6.194854625273299,1.6979631784261353
VL_C_A_TD_1,VL_C,A,TD,1,2.5hz,1,CTRV,False,38.65557429618478,0.5563177768558314
VL_C_A_TD_1,VL_C,A,TD,1,10hz,1,CTRV,False,16.18163000878338,3.8804360519947783
VL_C_A_BU_3,VL_C,A,BU,3,full,1,CTRV,False,7.743874699669666,1.9498379579884475
VL_C_A_BU_3,VL_C,A,BU,3,2.5hz,1,CTRV,False,,
VL_C_A_BU_3,VL_C,A,BU,3,10hz,1,CTRV,False,14.776813482208375,0.8430153350437302
VL_C_A_BU_1,VL_C,A,BU,1,full,1,CTRV,False,4.52297120474804,0.9752225490946282
VL_C_A_BU_1,VL_C,A,BU,1,2.5hz,1,CTRV,False,36.93247669577456,0.5192226056430526
VL_C_A_BU_1,VL_C,A,BU,1,10hz,1,CTRV,False,12.745297234616276,1.840450002232502
VL_C_F_TD_2,VL_C,F,TD,2,full,1,CTRV,False,4.127347504281972,1.1786698498355321
VL_C_F_TD_2,VL_C,F,TD,2,2.5hz,1,CTRV,False,35.39044542969608,1.1648863499878312
VL_C_F_TD_2,VL_C,F,TD,2,10hz,1,CTRV,False,9.983584776981038,2.0974301389367147
VL_C_A_TD_3,VL_C,A,TD,3,full,1,CTRV,False,4.862550540952986,1.2194057744267675
VL_C_A_TD_3,VL_C,A,TD,3,2.5hz,1,CTRV,False,21.631165536270675,0.48318539184243364
VL_C_A_TD_3,VL_C,A,TD,3,10hz,1,CTRV,False,12.440954530249819,1.766259262414391
VL_C_F_TD_6,VL_C,F,TD,6,full,1,CTRV,False,3.9586493181041287,2.3934671443414106
VL_C_F_TD_6,VL_C,F,TD,6,2.5hz,1,CTRV,False,21.874020347161032,0.5176376364032048
VL_C_F_TD_6,VL_C,F,TD,6,10hz,1,CTRV,False,9.775832088989366,1.442022385761587
VL_C_F_BU_1,VL_C,F,BU,1,full,1,CTRV,False,4.533647651339514,1.2661048564421833
VL_C_F_BU_1,VL_C,F,BU,1,2.5hz,1,CTRV,False,18.81547336242733,0.43088655817356064
VL_C_F_BU_1,VL_C,F,BU,1,10hz,1,CTRV,False,14.573768098585175,1.729485467104284
VL_C_F_TD_1,VL_C,F,TD,1,full,1,CTRV,False,6.50739290768367,1.550878979452842
VL_C_F_TD_1,VL_C,F,TD,1,2.5hz,1,CTRV,False,7.551971677240783,0.24911778922547254
VL_C_F_TD_1,VL_C,F,TD,1,10hz,1,CTRV,False,12.245552595621126,1.3714885054428771
VL_C_F_TD_4,VL_C,F,TD,4,full,1,CTRV,False,3.5384173625674786,1.3456338682091689
VL_C_F_TD_4,VL_C,F,TD,4,2.5hz,1,CTRV,False,25.961484442685013,1.1548980997342204
VL_C_F_TD_4,VL_C,F,TD,4,10hz,1,CTRV,False,10.489729003200942,1.408446968225247
VL_C_A_TD_2,VL_C,A,TD,2,full,1,CTRV,False,8.822508417967411,1.6386294353517448
VL_C_A_TD_2,VL_C,A,TD,2,2.5hz,1,CTRV,False,,
VL_C_A_TD_2,VL_C,A,TD,2,10hz,1,CTRV,False,14.917383222527553,1.5281001901940103
VL_C_A_BU_2,VL_C,A,BU,2,full,1,CTRV,False,5.874230360024936,0.6913629389175296
VL_C_A_BU_2,VL_C,A,BU,2,2.5hz,1,CTRV,False,,
VL_C_A_BU_2,VL_C,A,BU,2,10hz,1,CTRV,False,11.059738658959889,0.8129596630788083
VL_C_F_BU_4,VL_C,F,BU,4,full,1,CTRV,False,5.885791417835564,1.3724429524406596
VL_C_F_BU_4,VL_C,F,BU,4,2.5hz,1,CTRV,False,,
VL_C_F_BU_4,VL_C,F,BU,4,10hz,1,CTRV,False,15.19986651427871,1.122525376323253
VL_C_F_BU_3,VL_C,F,BU,3,full,1,CTRV,False,4.064267098286108,1.881887400115696
VL_C_F_BU_3,VL_C,F,BU,3,2.5hz,1,CTRV,False,21.90676066229777,0.6672238204854822
VL_C_F_BU_3,VL_C,F,BU,3,10hz,1,CTRV,False,10.528495260475156,1.4514181525434278
VL_C_F_BU_2,VL_C,F,BU,2,full,1,CTRV,False,4.84600038276226,1.6176719332781715
VL_C_F_BU_2,VL_C,F,BU,2,2.5hz,1,CTRV,False,20.855401050257697,0.43609812481342997
VL_C_F_BU_2,VL_C,F,BU,2,10hz,1,CTRV,False,11.000003753768626,1.4051362479234741
HL_C_F_RL_4,HL_C,F,RL,4,full,1,CTRV,False,8.818147347939735,1.9259205775436983
HL_C_F_RL_4,HL_C,F,RL,4,2.5hz,1,CTRV,False,13.471525020257998,0.32543115105948706
HL_C_F_RL_4,HL_C,F,RL,4,10hz,1,CTRV,False,11.674309734263995,1.0978019211280972
HL_C_A_RL_2,HL_C,A,RL,2,full,1,CTRV,False,6.524137526718379,1.1049067957885172
HL_C_A_RL_2,HL_C,A,RL,2,2.5hz,1,CTRV,False,36.19072244965752,0.360416623783663
HL_C_A_RL_2,HL_C,A,RL,2,10hz,1,CTRV,False,13.837647619966873,0.7958624126785385
HL_C_F_RL_3,HL_C,F,RL,3,full,1,CTRV,False,7.295967877124045,1.2948750093314174
HL_C_F_RL_3,HL_C,F,RL,3,2.5hz,1,CTRV,False,15.89007823984727,0.323757672651528
HL_C_F_RL_3,HL_C,F,RL,3,10hz,1,CTRV,False,10.074368753513353,1.1457184108780623
HL_C_F_RL_1,HL_C,F,RL,1,full,1,CTRV,False,5.615429986967908,1.4868631880702599
HL_C_F_RL_1,HL_C,F,RL,1,2.5hz,1,CTRV,False,11.975167964433123,0.25309833327393716
HL_C_F_RL_1,HL_C,F,RL,1,10hz,1,CTRV,False,10.665470087251286,1.0719640761880218
HL_C_A_LR_1,HL_C,A,LR,1,full,1,CTRV,False,6.0314883727142865,1.1301845471328233
HL_C_A_LR_1,HL_C,A,LR,1,2.5hz,1,CTRV,False,26.412868256523197,0.38449864913361775
HL_C_A_LR_1,HL_C,A,LR,1,10hz,1,CTRV,False,13.027735146553134,0.7615506712028366
HL_C_A_RL_3,HL_C,A,RL,3,full,1,CTRV,False,6.0677462378716935,1.3826693606885956
HL_C_A_RL_3,HL_C,A,RL,3,2.5hz,1,CTRV,False,48.062675943027635,0.9161054755134784
HL_C_A_RL_3,HL_C,A,RL,3,10hz,1,CTRV,False,11.123791269729473,0.9936302441025511
HL_C_F_LR_1,HL_C,F,LR,1,full,1,CTRV,False,4.873719061495378,1.000112746256026
HL_C_F_LR_1,HL_C,F,LR,1,2.5hz,1,CTRV,False,19.228321639269442,0.3719377200130631
HL_C_F_LR_1,HL_C,F,LR,1,10hz,1,CTRV,False,10.25541362675493,1.090106258455349
HL_C_F_LR_3,HL_C,F,LR,3,full,1,CTRV,False,5.728076492160842,1.2832217296031838
HL_C_F_LR_3,HL_C,F,LR,3,2.5hz,1,CTRV,False,14.298590831921862,0.22823669063653376
HL_C_F_LR_3,HL_C,F,LR,3,10hz,1,CTRV,False,10.68990754801401,0.7557047711978898
HL_C_F_LR_4,HL_C,F,LR,4,full,1,CTRV,False,5.491288126456463,1.2813892410641377
HL_C_F_LR_4,HL_C,F,LR,4,2.5hz,1,CTRV,False,23.770783026146724,0.3906082912757321
HL_C_F_LR_4,HL_C,F,LR,4,10hz,1,CTRV,False,10.874536998266752,1.1499824522248745
HL_C_A_LR_3,HL_C,A,LR,3,full,1,CTRV,False,6.0342226015038865,1.3610992449452204
HL_C_A_LR_3,HL_C,A,LR,3,2.5hz,1,CTRV,False,23.413581286262104,0.5238413806111415
HL_C_A_LR_3,HL_C,A,LR,3,10hz,1,CTRV,False,9.237036880894014,0.8083600917900506
HL_C_A_LR_2,HL_C,A,LR,2,full,1,CTRV,False,6.565247436909882,1.00776951551773
HL_C_A_LR_2,HL_C,A,LR,2,2.5hz,1,CTRV,False,28.394970849561595,0.335621300910167
HL_C_A_LR_2,HL_C,A,LR,2,10hz,1,CTRV,False,11.387990314858222,0.7928419146025427
HL_C_F_RL_6,HL_C,F,RL,6,full,1,CTRV,False,8.56610903382851,1.9034569920573214
HL_C_F_RL_6,HL_C,F,RL,6,2.5hz,1,CTRV,False,17.64036628414151,0.3816250038052825
HL_C_F_RL_6,HL_C,F,RL,6,10hz,1,CTRV,False,13.061006484411639,1.5800978407785733
HL_C_A_RL_1,HL_C,A,RL,1,full,1,CTRV,False,6.565578102846564,1.2993760540555783
HL_C_A_RL_1,HL_C,A,RL,1,2.5hz,1,CTRV,False,31.50716784068007,0.8824193967333706
HL_C_A_RL_1,HL_C,A,RL,1,10hz,1,CTRV,False,9.957468543942271,1.8104050015780682
HL_C_F_RL_5,HL_C,F,RL,5,full,1,CTRV,False,11.122629052623857,2.4184121689102556
HL_C_F_RL_5,HL_C,F,RL,5,2.5hz,1,CTRV,False,39.48919979977166,0.602984420907986
HL_C_F_RL_5,HL_C,F,RL,5,10hz,1,CTRV,False,19.76236633515487,1.4892262627583996
HL_C_F_LR_2,HL_C,F,LR,2,full,1,CTRV,False,5.212503333275856,1.1721537987404798
HL_C_F_LR_2,HL_C,F,LR,2,2.5hz,1,CTRV,False,14.543679704108051,0.28335194769830013
HL_C_F_LR_2,HL_C,F,LR,2,10hz,1,CTRV,False,8.543020540517299,0.9071302382733902
HL_C_F_LR_6,HL_C,F,LR,6,full,1,CTRV,False,4.5219928704102355,1.2802364443064087
HL_C_F_LR_6,HL_C,F,LR,6,2.5hz,1,CTRV,False,16.667575985276812,0.44688936264089707
HL_C_F_LR_6,HL_C,F,LR,6,10hz,1,CTRV,False,9.819104691438541,1.3809161157926133
HL_C_F_RL_2,HL_C,F,RL,2,full,1,CTRV,False,5.92932033352943,1.083692422124688
HL_C_F_RL_2,HL_C,F,RL,2,2.5hz,1,CTRV,False,13.551926423432413,0.2542098271050115
HL_C_F_RL_2,HL_C,F,RL,2,10hz,1,CTRV,False,14.345798833469871,1.2946519664221676
HL_C_F_LR_5,HL_C,F,LR,5,full,1,CTRV,False,6.632327306505216,1.3476219958062714
HL_C_F_LR_5,HL_C,F,LR,5,2.5hz,1,CTRV,False,38.55596204831831,0.6672075220520421
HL_C_F_LR_5,HL_C,F,LR,5,10hz,1,CTRV,False,11.394570642398056,0.9392951026899494
DL_C_F_TLBR_5,DL_C,F,TLBR,5,full,1,CTRV,False,8.990716835225157,1.5811517290023558
DL_C_F_TLBR_5,DL_C,F,TLBR,5,2.5hz,1,CTRV,False,12.632296543029435,0.2225337415021823
DL_C_F_TLBR_5,DL_C,F,TLBR,5,10hz,1,CTRV,False,11.45439051089111,0.975973895186059
DL_C_F_BRTL_5,DL_C,F,BRTL,5,full,1,CTRV,False,8.368692153602975,1.5356337149782475
DL_C_F_BRTL_5,DL_C,F,BRTL,5,2.5hz,1,CTRV,False,8.946373341924952,0.1592679151422382
DL_C_F_BRTL_5,DL_C,F,BRTL,5,10hz,1,CTRV,False,11.749278138189638,0.9031340673739391
DL_C_A_BRTL_2,DL_C,A,BRTL,2,full,1,CTRV,False,6.06422876285241,1.3840546937544917
DL_C_A_BRTL_2,DL_C,A,BRTL,2,2.5hz,1,CTRV,False,33.344044439136944,0.4559978774553945
DL_C_A_BRTL_2,DL_C,A,BRTL,2,10hz,1,CTRV,False,16.027858709696325,1.0209749750237909
DL_C_F_BRTL_1,DL_C,F,BRTL,1,full,1,CTRV,False,8.331734653353877,1.312017974943773
DL_C_F_BRTL_1,DL_C,F,BRTL,1,2.5hz,1,CTRV,False,18.73711929442703,0.35950898615520344
DL_C_F_BRTL_1,DL_C,F,BRTL,1,10hz,1,CTRV,False,16.19731828127946,1.1478473544797576
DL_C_F_TLBR_6,DL_C,F,TLBR,6,full,1,CTRV,False,6.6663183851351775,1.6689665819685686
DL_C_F_TLBR_6,DL_C,F,TLBR,6,2.5hz,1,CTRV,False,15.057295070544988,0.34575272327019124
DL_C_F_TLBR_6,DL_C,F,TLBR,6,10hz,1,CTRV,False,15.315653642069284,1.8595593091841296
DL_C_F_BRTL_2,DL_C,F,BRTL,2,full,1,CTRV,False,15.354164606632319,2.214426639400351
DL_C_F_BRTL_2,DL_C,F,BRTL,2,2.5hz,1,CTRV,False,12.964096892808177,0.18889353521527547
DL_C_F_BRTL_2,DL_C,F,BRTL,2,10hz,1,CTRV,False,19.692277250635414,3.328943553855928
DL_C_A_TLBR_3,DL_C,A,TLBR,3,full,1,CTRV,False,5.92267539710866,1.1958154588556593
DL_C_A_TLBR_3,DL_C,A,TLBR,3,2.5hz,1,CTRV,False,21.786442007267507,0.394348379050619
DL_C_A_TLBR_3,DL_C,A,TLBR,3,10hz,1,CTRV,False,14.922974946347306,1.0834431382526881
DL_C_A_TLBR_1,DL_C,A,TLBR,1,full,1,CTRV,False,7.8708803821352875,1.489104353997677
DL_C_A_TLBR_1,DL_C,A,TLBR,1,2.5hz,1,CTRV,False,23.398806123517918,0.4083126927832422
DL_C_A_TLBR_1,DL_C,A,TLBR,1,10hz,1,CTRV,False,18.18345458876398,1.9571585139988612
DL_C_F_TLBR_2,DL_C,F,TLBR,2,full,1,CTRV,False,9.611777835435618,1.8602433437603414
DL_C_F_TLBR_2,DL_C,F,TLBR,2,2.5hz,1,CTRV,False,13.417281377767198,0.21881164483395246
DL_C_F_TLBR_2,DL_C,F,TLBR,2,10hz,1,CTRV,False,22.146910545178415,2.597086794816382
DL_C_F_TLBR_4,DL_C,F,TLBR,4,full,1,CTRV,False,5.889336519632051,1.6033170770354797
DL_C_F_TLBR_4,DL_C,F,TLBR,4,2.5hz,1,CTRV,False,21.247736498074563,0.592567907380687
DL_C_F_TLBR_4,DL_C,F,TLBR,4,10hz,1,CTRV,False,10.707333514608193,1.5323120736477625
DL_C_A_TLBR_2,DL_C,A,TLBR,2,full,1,CTRV,False,7.814758169684888,1.1605104358617193
DL_C_A_TLBR_2,DL_C,A,TLBR,2,2.5hz,1,CTRV,False,46.58826255352496,0.480669834478851
DL_C_A_TLBR_2,DL_C,A,TLBR,2,10hz,1,CTRV,False,13.168060142734578,0.7388454373417034
DL_C_A_BRTL_1,DL_C,A,BRTL,1,full,1,CTRV,False,9.06386095691791,1.1735765440776664
DL_C_A_BRTL_1,DL_C,A,BRTL,1,2.5hz,1,CTRV,False,36.8548577160275,0.3489002006422674
DL_C_A_BRTL_1,DL_C,A,BRTL,1,10hz,1,CTRV,False,21.745708521109567,1.456682739665421
DL_C_A_BRTL_3,DL_C,A,BRTL,3,full,1,CTRV,False,6.703623380849141,1.3091111762603207
DL_C_A_BRTL_3,DL_C,A,BRTL,3,2.5hz,1,CTRV,False,30.075925292896653,0.37153726668885345
DL_C_A_BRTL_3,DL_C,A,BRTL,3,10hz,1,CTRV,False,13.136953031795318,0.8222479423016388
DL_C_F_BRTL_6,DL_C,F,BRTL,6,full,1,CTRV,False,5.093978818862735,1.6536065975819558
DL_C_F_BRTL_6,DL_C,F,BRTL,6,2.5hz,1,CTRV,False,8.642700998446543,0.2205087718633533
DL_C_F_BRTL_6,DL_C,F,BRTL,6,10hz,1,CTRV,False,9.171261500433449,1.4664104826248436
DL_C_F_BRTL_4,DL_C,F,BRTL,4,full,1,CTRV,False,8.366186504099648,1.358767329576127
DL_C_F_BRTL_4,DL_C,F,BRTL,4,2.5hz,1,CTRV,False,21.78618562213677,0.4043668615480046
DL_C_F_BRTL_4,DL_C,F,BRTL,4,10hz,1,CTRV,False,12.394061775309776,1.1144608364771171
DL_C_F_BRTL_3,DL_C,F,BRTL,3,full,1,CTRV,False,5.88380080768672,1.2688457957463328
DL_C_F_BRTL_3,DL_C,F,BRTL,3,2.5hz,1,CTRV,False,13.392119341404502,0.21108707380768013
DL_C_F_BRTL_3,DL_C,F,BRTL,3,10hz,1,CTRV,False,10.631879138491588,0.8681168597788649
DL_C_F_TLBR_1,DL_C,F,TLBR,1,full,1,CTRV,False,6.719853207090876,1.3881576868241041
DL_C_F_TLBR_1,DL_C,F,TLBR,1,2.5hz,1,CTRV,False,30.609923141051375,0.6525818950774437
DL_C_F_TLBR_1,DL_C,F,TLBR,1,10hz,1,CTRV,False,14.171601795415846,1.3039070017061465
DL_C_F_TLBR_3,DL_C,F,TLBR,3,full,1,CTRV,False,6.580666117072388,1.2874872112308535
DL_C_F_TLBR_3,DL_C,F,TLBR,3,2.5hz,1,CTRV,False,15.44903046045993,0.2878583611356166
DL_C_F_TLBR_3,DL_C,F,TLBR,3,10hz,1,CTRV,False,12.21472722059124,1.0662713952315428
IL_C_A_RCW_3,IL_C,A,RCW,3,full,1,CTRV,False,4.069455192812363,1.5939313806650217
IL_C_A_RCW_3,IL_C,A,RCW,3,2.5hz,1,CTRV,False,27.03402348908739,1.396425848037126
IL_C_A_RCW_3,IL_C,A,RCW,3,10hz,1,CTRV,False,8.598975146929803,1.4412711393348223
IL_C_A_RCCW_4,IL_C,A,RCCW,4,full,1,CTRV,False,4.833683787726878,1.7698621209819203
IL_C_A_RCCW_4,IL_C,A,RCCW,4,2.5hz,1,CTRV,False,23.588049591928204,0.6603802359866574
IL_C_A_RCCW_4,IL_C,A,RCCW,4,10hz,1,CTRV,False,9.92678634544971,1.3984954374165621
IL_C_F_RCCW_4,IL_C,F,RCCW,4,full,1,CTRV,False,5.021969981911333,2.0073234122774855
IL_C_F_RCCW_4,IL_C,F,RCCW,4,2.5hz,1,CTRV,False,25.626530984383727,0.8605244384680212
IL_C_F_RCCW_4,IL_C,F,RCCW,4,10hz,1,CTRV,False,9.66933384939547,1.6079698609212407
IL_C_F_RCCW_3,IL_C,F,RCCW,3,full,1,CTRV,False,4.807565348167699,1.6727274645815942
IL_C_F_RCCW_3,IL_C,F,RCCW,3,2.5hz,1,CTRV,False,27.556982964523378,0.8388930460394217
IL_C_F_RCCW_3,IL_C,F,RCCW,3,10hz,1,CTRV,False,10.699216635644861,1.6496945614869956
IL_C_F_RCCW_1,IL_C,F,RCCW,1,full,1,CTRV,False,4.343408863389476,1.6067981169804015
IL_C_F_RCCW_1,IL_C,F,RCCW,1,2.5hz,1,CTRV,False,20.6434503403503,0.6677442989235888
IL_C_F_RCCW_1,IL_C,F,RCCW,1,10hz,1,CTRV,False,9.271497151302171,1.985536006533517
IL_C_A_RCW_2,IL_C,A,RCW,2,full,1,CTRV,False,5.612004495169455,1.7880703620105556
IL_C_A_RCW_2,IL_C,A,RCW,2,2.5hz,1,CTRV,False,23.68685708133045,0.5555460732246358
IL_C_A_RCW_2,IL_C,A,RCW,2,10hz,1,CTRV,False,11.70700301820994,1.5416887697349275
IL_C_F_RCW_4,IL_C,F,RCW,4,full,1,CTRV,False,6.257027020150909,1.5349847752980121
IL_C_F_RCW_4,IL_C,F,RCW,4,2.5hz,1,CTRV,False,30.720137072611962,0.7823893085031437
IL_C_F_RCW_4,IL_C,F,RCW,4,10hz,1,CTRV,False,14.219363119017073,1.8248818662049484
IL_C_F_RCW_6,IL_C,F,RCW,6,full,1,CTRV,False,5.849768784195937,1.692182419831519
IL_C_F_RCW_6,IL_C,F,RCW,6,2.5hz,1,CTRV,False,25.80191710800154,0.6659878059781004
IL_C_F_RCW_6,IL_C,F,RCW,6,10hz,1,CTRV,False,12.032731815408624,1.5241516448369985
IL_C_F_RCW_2,IL_C,F,RCW,2,full,1,CTRV,False,4.763531669738988,1.441444757332825
IL_C_F_RCW_2,IL_C,F,RCW,2,2.5hz,1,CTRV,False,27.751550746243062,0.884907722079473
IL_C_F_RCW_2,IL_C,F,RCW,2,10hz,1,CTRV,False,11.041791147263803,1.8851298753557786
IL_C_F_RCW_1,IL_C,F,RCW,1,full,1,CTRV,False,5.160935219289137,1.4561216813921385
IL_C_F_RCW_1,IL_C,F,RCW,1,2.5hz,1,CTRV,False,33.02638907451013,1.2174608319675715
IL_C_F_RCW_1,IL_C,F,RCW,1,10hz,1,CTRV,False,10.982391584561396,1.49473734338868
IL_C_A_RCCW_2,IL_C,A,RCCW,2,full,1,CTRV,False,5.930921707569723,1.2876899922259388
IL_C_A_RCCW_2,IL_C,A,RCCW,2,2.5hz,1,CTRV,False,43.954291659978956,0.9970275932103498
IL_C_A_RCCW_2,IL_C,A,RCCW,2,10hz,1,CTRV,False,13.522720295399722,1.4099226669492286
IL_C_A_RCCW_3,IL_C,A,RCCW,3,full,1,CTRV,False,5.493339126981116,1.529992696735174
IL_C_A_RCCW_3,IL_C,A,RCCW,3,2.5hz,1,CTRV,False,16.946377095603733,0.5101615343229174
IL_C_A_RCCW_3,IL_C,A,RCCW,3,10hz,1,CTRV,False,11.284586371469777,2.1411682146659703
IL_C_A_RCCW_1,IL_C,A,RCCW,1,full,1,CTRV,False,4.53162875392503,1.2842444741934271
IL_C_A_RCCW_1,IL_C,A,RCCW,1,2.5hz,1,CTRV,False,30.27649531803126,1.0179437512703666
IL_C_A_RCCW_1,IL_C,A,RCCW,1,10hz,1,CTRV,False,11.49133776603394,1.5771434608013009
IL_C_F_RCW_7,IL_C,F,RCW,7,full,1,CTRV,False,4.907051299075018,1.4639996078551782
IL_C_F_RCW_7,IL_C,F,RCW,7,2.5hz,1,CTRV,False,22.04027412156077,0.6384183187320084
IL_C_F_RCW_7,IL_C,F,RCW,7,10hz,1,CTRV,False,9.875787285668777,1.8175634417617528
IL_C_F_RCW_3,IL_C,F,RCW,3,full,1,CTRV,False,4.700098487890911,1.5381833431158929
IL_C_F_RCW_3,IL_C,F,RCW,3,2.5hz,1,CTRV,False,24.737274878619342,0.7213320154767827
IL_C_F_RCW_3,IL_C,F,RCW,3,10hz,1,CTRV,False,9.370835095530792,1.4043938851309787
IL_C_A_RCW_1,IL_C,A,RCW,1,full,1,CTRV,False,7.571792156562901,1.5793801657818338
IL_C_A_RCW_1,IL_C,A,RCW,1,2.5hz,1,CTRV,False,20.765082565364903,0.5425064675984336
IL_C_A_RCW_1,IL_C,A,RCW,1,10hz,1,CTRV,False,16.16860294691624,1.4613277245971175
IL_C_A_RCW_4,IL_C,A,RCW,4,full,1,CTRV,False,5.319220418208584,1.3372725838135007
IL_C_A_RCW_4,IL_C,A,RCW,4,2.5hz,1,CTRV,False,29.254215217967218,0.8195457021255292
IL_C_A_RCW_4,IL_C,A,RCW,4,10hz,1,CTRV,False,11.419730775155772,1.5288355085367702
IL_C_F_RCCW_2,IL_C,F,RCCW,2,full,1,CTRV,False,3.9746245332460246,1.9438064303635443
IL_C_F_RCCW_2,IL_C,F,RCCW,2,2.5hz,1,CTRV,False,28.463008635685927,1.4897972422950074
IL_C_F_RCCW_2,IL_C,F,RCCW,2,10hz,1,CTRV,False,8.389437549717227,1.5729727190556233
IL_C_F_RCW_5,IL_C,F,RCW,5,full,1,CTRV,False,4.9355779063660545,1.7950442945931517
IL_C_F_RCW_5,IL_C,F,RCW,5,2.5hz,1,CTRV,False,20.309598661238443,0.6077570358974599
IL_C_F_RCW_5,IL_C,F,RCW,5,10hz,1,CTRV,False,10.075439204975607,2.602743475054534
SP_C_A_CCW_4,SP_C,A,CCW,4,full,1,CTRV,False,5.3426900713858485,1.5861535834170661
SP_C_A_CCW_4,SP_C,A,CCW,4,2.5hz,1,CTRV,False,23.958719103258783,0.6945894621880607
SP_C_A_CCW_4,SP_C,A,CCW,4,10hz,1,CTRV,False,10.653222800102737,2.076449039463931
SP_C_A_CW_4,SP_C,A,CW,4,full,1,CTRV,False,4.73912698389861,1.8074497647462964
SP_C_A_CW_4,SP_C,A,CW,4,2.5hz,1,CTRV,False,21.108391418917343,2.1255763974230333
SP_C_A_CW_4,SP_C,A,CW,4,10hz,1,CTRV,False,9.501276478140376,1.6740970648688915
SP_C_A_CCW_1,SP_C,A,CCW,1,full,1,CTRV,False,4.501628108058202,1.7391933241723236
SP_C_A_CCW_1,SP_C,A,CCW,1,2.5hz,1,CTRV,False,21.304990379197726,0.7870967610492415
SP_C_A_CCW_1,SP_C,A,CCW,1,10hz,1,CTRV,False,9.343324745675465,1.5873741198274176
SP_C_F_CW_2,SP_C,F,CW,2,full,1,CTRV,False,4.247019375872273,1.943180410305669
SP_C_F_CW_2,SP_C,F,CW,2,2.5hz,1,CTRV,False,21.80004389776666,0.766515653056942
SP_C_F_CW_2,SP_C,F,CW,2,10hz,1,CTRV,False,8.85665313187684,2.3156063539606735
SP_C_F_CCW_2,SP_C,F,CCW,2,full,1,CTRV,False,8.10255105370207,1.808603082433922
SP_C_F_CCW_2,SP_C,F,CCW,2,2.5hz,1,CTRV,False,28.9680554449012,0.677330335559638
SP_C_F_CCW_2,SP_C,F,CCW,2,10hz,1,CTRV,False,13.77465715761979,1.5472423641827235
SP_C_A_CW_2,SP_C,A,CW,2,full,1,CTRV,False,5.768004658969077,1.7563358588953646
SP_C_A_CW_2,SP_C,A,CW,2,2.5hz,1,CTRV,False,21.80140168418017,1.74952661906913
SP_C_A_CW_2,SP_C,A,CW,2,10hz,1,CTRV,False,9.743532964569452,1.384683608744529
SP_C_F_CW_3,SP_C,F,CW,3,full,1,CTRV,False,5.186987064762518,1.3470687918329927
SP_C_F_CW_3,SP_C,F,CW,3,2.5hz,1,CTRV,False,18.03464501376778,0.5416633618809329
SP_C_F_CW_3,SP_C,F,CW,3,10hz,1,CTRV,False,12.246798265111297,1.7270125382550159
SP_C_A_CW_1,SP_C,A,CW,1,full,1,CTRV,False,4.387633715343348,1.7336376104793867
SP_C_A_CW_1,SP_C,A,CW,1,2.5hz,1,CTRV,False,27.040269358059362,1.2047072894226842
SP_C_A_CW_1,SP_C,A,CW,1,10hz,1,CTRV,False,9.006860179311001,1.4803238822718687
SP_C_A_CCW_2,SP_C,A,CCW,2,full,1,CTRV,False,8.379228340600443,1.6524152895460291
SP_C_A_CCW_2,SP_C,A,CCW,2,2.5hz,1,CTRV,False,49.551364546852795,1.541230673248355
SP_C_A_CCW_2,SP_C,A,CCW,2,10hz,1,CTRV,False,12.8687855010666,1.5208818272101636
SP_C_A_CCW_3,SP_C,A,CCW,3,full,1,CTRV,False,4.649692778679748,1.4269165379509028
SP_C_A_CCW_3,SP_C,A,CCW,3,2.5hz,1,CTRV,False,20.412608024074167,0.7486294609490628
SP_C_A_CCW_3,SP_C,A,CCW,3,10hz,1,CTRV,False,10.252170030806708,1.3388023025759475
SP_C_F_CCW_3,SP_C,F,CCW,3,full,1,CTRV,False,5.230035913831067,1.5445003277870963
SP_C_F_CCW_3,SP_C,F,CCW,3,2.5hz,1,CTRV,False,20.9279948851522,0.8395975291834255
SP_C_F_CCW_3,SP_C,F,CCW,3,10hz,1,CTRV,False,8.729447537761738,1.814748319941256
SP_C_A_CW_3,SP_C,A,CW,3,full,1,CTRV,False,4.387633715343348,1.7336376104793867
SP_C_A_CW_3,SP_C,A,CW,3,2.5hz,1,CTRV,False,27.040269358059362,1.2047072894226842
SP_C_A_CW_3,SP_C,A,CW,3,10hz,1,CTRV,False,9.006860179311001,1.4803238822718687
SP_C_F_CCW_4,SP_C,F,CCW,4,full,1,CTRV,False,5.349824540265411,1.6770715504208458
SP_C_F_CCW_4,SP_C,F,CCW,4,2.5hz,1,CTRV,False,29.699203845777056,1.2564798156342907
SP_C_F_CCW_4,SP_C,F,CCW,4,10hz,1,CTRV,False,10.913134184889921,1.5497493915822158
SP_C_F_CW_4,SP_C,F,CW,4,full,1,CTRV,False,4.762814541697687,1.5378047193844735
SP_C_F_CW_4,SP_C,F,CW,4,2.5hz,1,CTRV,False,17.707573400215615,0.605676829914464
SP_C_F_CW_4,SP_C,F,CW,4,10hz,1,CTRV,False,10.272115328622686,2.3049872448220583
SP_C_F_CW_1,SP_C,F,CW,1,full,1,CTRV,False,3.9712758263239727,1.4751598916265614
SP_C_F_CW_1,SP_C,F,CW,1,2.5hz,1,CTRV,False,21.14652899424311,1.0440424124400147
SP_C_F_CW_1,SP_C,F,CW,1,10hz,1,CTRV,False,8.470219223202184,1.4441097361182282
SP_C_F_CCW_1,SP_C,F,CCW,1,full,1,CTRV,False,5.137834321347961,1.6186086945034985
SP_C_F_CCW_1,SP_C,F,CCW,1,2.5hz,1,CTRV,False,21.29811243670867,0.6953587847328506
SP_C_F_CCW_1,SP_C,F,CCW,1,10hz,1,CTRV,False,8.688267927966697,1.4430249283472647
CP_C_F_CW_1,CP_C,F,CW,1,full,1,CTRV,False,5.83393363648488,1.9128570811207708
CP_C_F_CW_1,CP_C,F,CW,1,2.5hz,1,CTRV,False,24.274842094342613,0.7249721772677805
CP_C_F_CW_1,CP_C,F,CW,1,10hz,1,CTRV,False,11.33540162256901,1.2932825997287398
CP_C_F_CCW_1,CP_C,F,CCW,1,full,1,CTRV,False,4.763783893568148,1.4681816063767834
CP_C_F_CCW_1,CP_C,F,CCW,1,2.5hz,1,CTRV,False,27.71274026071101,0.9475107079424361
CP_C_F_CCW_1,CP_C,F,CCW,1,10hz,1,CTRV,False,10.685213237552379,1.9418913064386307
CP_C_F_CCW_111,CP_C,F,CCW,111,full,1,CTRV,False,4.763783893568148,1.4681816063767834
CP_C_F_CCW_111,CP_C,F,CCW,111,2.5hz,1,CTRV,False,44.20378043169248,0.5836556742317476
CP_C_F_CCW_111,CP_C,F,CCW,111,10hz,1,CTRV,False,10.685213237552379,1.9418913064386307
CP_C_A_CCW_3,CP_C,A,CCW,3,full,1,CTRV,False,5.421895746076959,1.2124632060566114
CP_C_A_CCW_3,CP_C,A,CCW,3,2.5hz,1,CTRV,False,35.849533923164415,0.5711455821544591
CP_C_A_CCW_3,CP_C,A,CCW,3,10hz,1,CTRV,False,12.138196159994859,1.1682429009144601
CP_C_A_CCW_1,CP_C,A,CCW,1,full,1,CTRV,False,6.506397405236489,1.6186501885945335
CP_C_A_CCW_1,CP_C,A,CCW,1,2.5hz,1,CTRV,False,26.253743132252495,0.5737773135072638
CP_C_A_CCW_1,CP_C,A,CCW,1,10hz,1,CTRV,False,10.0088558762194,1.463933554723522
CP_C_F_CW_4,CP_C,F,CW,4,full,1,CTRV,False,4.843029932162191,1.322927366266936
CP_C_F_CW_4,CP_C,F,CW,4,2.5hz,1,CTRV,False,24.40971896114705,0.6078976574158412
CP_C_F_CW_4,CP_C,F,CW,4,10hz,1,CTRV,False,12.595616961210473,2.228339551508944
CP_C_F_CW_3,CP_C,F,CW,3,full,1,CTRV,False,4.925126589733282,1.495149717474357
CP_C_F_CW_3,CP_C,F,CW,3,2.5hz,1,CTRV,False,22.50709486251907,0.6440337871289669
CP_C_F_CW_3,CP_C,F,CW,3,10hz,1,CTRV,False,11.15252541838993,1.5603285817444272
CP_C_F_CW_2,CP_C,F,CW,2,full,1,CTRV,False,5.834088805803286,1.5409929793987762
CP_C_F_CW_2,CP_C,F,CW,2,2.5hz,1,CTRV,False,20.966019835137374,0.47575096936629874
CP_C_F_CW_2,CP_C,F,CW,2,10hz,1,CTRV,False,12.1481783969701,1.4955491729613066
CP_C_A_CW_2,CP_C,A,CW,2,full,1,CTRV,False,6.1004805549484145,1.5549956904408362
CP_C_A_CW_2,CP_C,A,CW,2,2.5hz,1,CTRV,False,30.657827567348836,0.6336449895927232
CP_C_A_CW_2,CP_C,A,CW,2,10hz,1,CTRV,False,13.762678900441133,1.3837098808615058
CP_C_A_CW_3,CP_C,A,CW,3,full,1,CTRV,False,5.610093245080992,1.3110570296254618
CP_C_A_CW_3,CP_C,A,CW,3,2.5hz,1,CTRV,False,21.155223458346487,0.41799301027807784
CP_C_A_CW_3,CP_C,A,CW,3,10hz,1,CTRV,False,12.434468351345123,1.1894109745374035
CP_C_A_CCW_2,CP_C,A,CCW,2,full,1,CTRV,False,6.4702301874590775,1.3462755661377992
CP_C_A_CCW_2,CP_C,A,CCW,2,2.5hz,1,CTRV,False,23.980344581827726,0.43372834667488264
CP_C_A_CCW_2,CP_C,A,CCW,2,10hz,1,CTRV,False,13.347075439919342,1.5460765450176497
CP_C_F_CCW_2,CP_C,F,CCW,2,full,1,CTRV,False,4.323375630148717,1.3723738574972013
CP_C_F_CCW_2,CP_C,F,CCW,2,2.5hz,1,CTRV,False,27.712284379434145,0.9894339803743043
CP_C_F_CCW_2,CP_C,F,CCW,2,10hz,1,CTRV,False,11.08354337129433,1.5944774877750731
CP_C_F_CCW_3,CP_C,F,CCW,3,full,1,CTRV,False,4.692630543596466,1.122217638169696
CP_C_F_CCW_3,CP_C,F,CCW,3,2.5hz,1,CTRV,False,32.850220883001924,0.6889338306620059
CP_C_F_CCW_3,CP_C,F,CCW,3,10hz,1,CTRV,False,10.92732945543434,1.3866411253756623
CP_C_A_CW_1,CP_C,A,CW,1,full,1,CTRV,False,5.818915614348539,1.4850377424164165
CP_C_A_CW_1,CP_C,A,CW,1,2.5hz,1,CTRV,False,24.913159755519423,0.48498690609932105
CP_C_A_CW_1,CP_C,A,CW,1,10hz,1,CTRV,False,9.995471387129612,1.352025219632864
VL_C_F_TD_3,VL_C,F,TD,3,full,4,CTRV,True,19.214307924183636,1.03871232460063
VL_C_F_TD_3,VL_C,F,TD,3,10hz,4,CTRV,True,47.43342771757371,1.1282123353275069
VL_C_F_BU_5,VL_C,F,BU,5,full,4,CTRV,True,23.268121466509214,1.0359655825800917
VL_C_F_BU_5,VL_C,F,BU,5,10hz,4,CTRV,True,54.26921618767181,0.9977059886074972
VL_C_F_BU_6,VL_C,F,BU,6,full,4,CTRV,True,20.569207392090476,0.8870411308627549
VL_C_F_BU_6,VL_C,F,BU,6,10hz,4,CTRV,True,37.04482285008415,0.7111529143684336
VL_C_F_TD_5,VL_C,F,TD,5,full,4,CTRV,True,24.498623539637524,1.5580026558350932
VL_C_F_TD_5,VL_C,F,TD,5,10hz,4,CTRV,True,67.283725111916,1.2669713047061568
VL_C_A_TD_1,VL_C,A,TD,1,full,4,CTRV,True,27.322286795580403,1.1573875955415722
VL_C_A_TD_1,VL_C,A,TD,1,10hz,4,CTRV,True,61.414308910314375,1.0772785805139433
VL_C_A_BU_3,VL_C,A,BU,3,full,4,CTRV,True,32.817261578149434,0.9706909185122049
VL_C_A_BU_3,VL_C,A,BU,3,10hz,4,CTRV,True,69.7682275221892,0.8222696920157425
VL_C_A_BU_1,VL_C,A,BU,1,full,4,CTRV,True,25.397006130705126,1.1458284628251914
VL_C_A_BU_1,VL_C,A,BU,1,10hz,4,CTRV,True,71.41983748802028,1.0887980622016373
VL_C_F_TD_2,VL_C,F,TD,2,full,4,CTRV,True,17.619476404653195,0.9427676258657129
VL_C_F_TD_2,VL_C,F,TD,2,10hz,4,CTRV,True,49.27325382744266,1.1214754888164566
VL_C_A_TD_3,VL_C,A,TD,3,full,4,CTRV,True,21.581911614332554,1.008334876781414
VL_C_A_TD_3,VL_C,A,TD,3,10hz,4,CTRV,True,50.89653538668942,1.1642816207014073
VL_C_F_TD_6,VL_C,F,TD,6,full,4,CTRV,True,16.807092567406144,1.0140677078462925
VL_C_F_TD_6,VL_C,F,TD,6,10hz,4,CTRV,True,53.97597759878649,1.3738665239733527
VL_C_F_BU_1,VL_C,F,BU,1,full,4,CTRV,True,23.894105921356587,1.1778761540900338
VL_C_F_BU_1,VL_C,F,BU,1,10hz,4,CTRV,True,53.3182732745453,1.1952821147513384
VL_C_F_TD_1,VL_C,F,TD,1,full,4,CTRV,True,22.25278067262599,0.9622762796901554
VL_C_F_TD_1,VL_C,F,TD,1,10hz,4,CTRV,True,57.83620727363474,1.2286103166195408
VL_C_F_TD_4,VL_C,F,TD,4,full,4,CTRV,True,18.07944675607185,1.2222220338405188
VL_C_F_TD_4,VL_C,F,TD,4,10hz,4,CTRV,True,63.79407109895097,1.4366476743061616
VL_C_A_TD_2,VL_C,A,TD,2,full,4,CTRV,True,29.022394368310756,0.9611224615225242
VL_C_A_TD_2,VL_C,A,TD,2,10hz,4,CTRV,True,52.845200558781684,0.9423599737226434
VL_C_A_BU_2,VL_C,A,BU,2,full,4,CTRV,True,30.10596959191082,0.8431229388163602
VL_C_A_BU_2,VL_C,A,BU,2,10hz,4,CTRV,True,38.821290190363655,0.46549225713208214
VL_C_F_BU_4,VL_C,F,BU,4,full,4,CTRV,True,28.040657276090897,1.0766120543306523
VL_C_F_BU_4,VL_C,F,BU,4,10hz,4,CTRV,True,60.845077989764924,0.9619426351482099
VL_C_F_BU_3,VL_C,F,BU,3,full,4,CTRV,True,19.91599627466218,1.0635058906703758
VL_C_F_BU_3,VL_C,F,BU,3,10hz,4,CTRV,True,47.76186487597948,1.0297602032149016
VL_C_F_BU_2,VL_C,F,BU,2,full,4,CTRV,True,21.643024041145093,1.0360689868402464
VL_C_F_BU_2,VL_C,F,BU,2,10hz,4,CTRV,True,50.44566711568821,1.1344514479334638
HL_C_F_RL_4,HL_C,F,RL,4,full,4,CTRV,True,22.51677759514378,0.9458581801982058
HL_C_F_RL_4,HL_C,F,RL,4,10hz,4,CTRV,True,42.906313946656525,0.9250209732432898
HL_C_A_RL_2,HL_C,A,RL,2,full,4,CTRV,True,27.465071366647475,0.8716976727936904
HL_C_A_RL_2,HL_C,A,RL,2,10hz,4,CTRV,True,59.69115562335462,0.7964626104877706
HL_C_F_RL_3,HL_C,F,RL,3,full,4,CTRV,True,26.833836155640363,0.9527404344340126
HL_C_F_RL_3,HL_C,F,RL,3,10hz,4,CTRV,True,37.03682230358879,0.6076163091167409
HL_C_F_RL_1,HL_C,F,RL,1,full,4,CTRV,True,22.19102170474715,1.0054886651314774
HL_C_F_RL_1,HL_C,F,RL,1,10hz,4,CTRV,True,46.87779470219706,0.8980509014226948
HL_C_A_LR_1,HL_C,A,LR,1,full,4,CTRV,True,27.26869748349814,0.9454494611725536
HL_C_A_LR_1,HL_C,A,LR,1,10hz,4,CTRV,True,63.17077379511174,0.956063410778552
HL_C_A_RL_3,HL_C,A,RL,3,full,4,CTRV,True,23.24818984936486,0.8394120284896917
HL_C_A_RL_3,HL_C,A,RL,3,10hz,4,CTRV,True,59.814332293941504,0.9122792129084927
HL_C_F_LR_1,HL_C,F,LR,1,full,4,CTRV,True,21.169395252958864,1.0237145270885675
HL_C_F_LR_1,HL_C,F,LR,1,10hz,4,CTRV,True,46.1992965075588,0.9573506167990254
HL_C_F_LR_3,HL_C,F,LR,3,full,4,CTRV,True,25.92194068800669,1.0532194890434161
HL_C_F_LR_3,HL_C,F,LR,3,10hz,4,CTRV,True,50.21165162834387,0.7930730951801098
HL_C_F_LR_4,HL_C,F,LR,4,full,4,CTRV,True,19.907601521690914,1.0044682400792588
HL_C_F_LR_4,HL_C,F,LR,4,10hz,4,CTRV,True,45.230304924328806,0.9597032278199347
HL_C_A_LR_3,HL_C,A,LR,3,full,4,CTRV,True,24.724002325582585,1.0175576514870057
HL_C_A_LR_3,HL_C,A,LR,3,10hz,4,CTRV,True,43.241413002078104,0.7717802551621691
HL_C_A_LR_2,HL_C,A,LR,2,full,4,CTRV,True,26.378925061945893,0.9226648465512716
HL_C_A_LR_2,HL_C,A,LR,2,10hz,4,CTRV,True,60.88438719655385,0.933843482063967
HL_C_F_RL_6,HL_C,F,RL,6,full,4,CTRV,True,22.30077999677671,0.9770476033602734
HL_C_F_RL_6,HL_C,F,RL,6,10hz,4,CTRV,True,46.68424042296635,0.9786960740434556
HL_C_A_RL_1,HL_C,A,RL,1,full,4,CTRV,True,26.318708453363783,0.9532381022237946
HL_C_A_RL_1,HL_C,A,RL,1,10hz,4,CTRV,True,49.87090064139545,0.9356838247544983
HL_C_F_RL_5,HL_C,F,RL,5,full,4,CTRV,True,26.647570228195445,0.9259324984873966
HL_C_F_RL_5,HL_C,F,RL,5,10hz,4,CTRV,True,52.43715170920995,0.7929945342300803
HL_C_F_LR_2,HL_C,F,LR,2,full,4,CTRV,True,20.908715773712785,0.9944603728818412
HL_C_F_LR_2,HL_C,F,LR,2,10hz,4,CTRV,True,44.24125829066229,0.87190949725316
HL_C_F_LR_6,HL_C,F,LR,6,full,4,CTRV,True,16.671293817879967,0.9865149448478118
HL_C_F_LR_6,HL_C,F,LR,6,10hz,4,CTRV,True,36.29736235949977,0.9184928685562741
HL_C_F_RL_2,HL_C,F,RL,2,full,4,CTRV,True,22.123412731867685,0.9346499836442808
HL_C_F_RL_2,HL_C,F,RL,2,10hz,4,CTRV,True,52.88026742512818,0.9705535114773525
HL_C_F_LR_5,HL_C,F,LR,5,full,4,CTRV,True,25.59251151050979,1.058064411697849
HL_C_F_LR_5,HL_C,F,LR,5,10hz,4,CTRV,True,54.18117749859363,0.8889901767631869
DL_C_F_TLBR_5,DL_C,F,TLBR,5,full,4,CTRV,True,27.40151201976,0.9812030452460927
DL_C_F_TLBR_5,DL_C,F,TLBR,5,10hz,4,CTRV,True,55.88119068566377,0.8924944787361905
DL_C_F_BRTL_5,DL_C,F,BRTL,5,full,4,CTRV,True,27.510624246861152,1.0792541270306417
DL_C_F_BRTL_5,DL_C,F,BRTL,5,10hz,4,CTRV,True,52.9793686553802,0.8880736031621885
DL_C_A_BRTL_2,DL_C,A,BRTL,2,full,4,CTRV,True,29.01090969718933,1.0083596885204982
DL_C_A_BRTL_2,DL_C,A,BRTL,2,10hz,4,CTRV,True,74.73329028859598,1.0516320598824795
DL_C_F_BRTL_1,DL_C,F,BRTL,1,full,4,CTRV,True,27.210719619068673,0.9065831789584159
DL_C_F_BRTL_1,DL_C,F,BRTL,1,10hz,4,CTRV,True,63.716754295422334,0.9777319962360893
DL_C_F_TLBR_6,DL_C,F,TLBR,6,full,4,CTRV,True,21.570757191612838,0.9673708084704811
DL_C_F_TLBR_6,DL_C,F,TLBR,6,10hz,4,CTRV,True,42.67444489855989,0.8958818541075872
DL_C_F_BRTL_2,DL_C,F,BRTL,2,full,4,CTRV,True,36.0148331090012,0.9227461527422823
DL_C_F_BRTL_2,DL_C,F,BRTL,2,10hz,4,CTRV,True,55.41161338064583,0.8715875652224748
DL_C_A_TLBR_3,DL_C,A,TLBR,3,full,4,CTRV,True,27.005515053621597,1.0273705708991612
DL_C_A_TLBR_3,DL_C,A,TLBR,3,10hz,4,CTRV,True,65.12883933731852,1.0803416005742819
DL_C_A_TLBR_1,DL_C,A,TLBR,1,full,4,CTRV,True,26.133443233389418,0.9613603421081974
DL_C_A_TLBR_1,DL_C,A,TLBR,1,10hz,4,CTRV,True,67.96352116306589,1.0892437716635193
DL_C_F_TLBR_2,DL_C,F,TLBR,2,full,4,CTRV,True,30.821819610068577,1.1103492644154909
DL_C_F_TLBR_2,DL_C,F,TLBR,2,10hz,4,CTRV,True,67.5835840003309,1.044237910788049
DL_C_F_TLBR_4,DL_C,F,TLBR,4,full,4,CTRV,True,19.662293702720252,1.0469690168320271
DL_C_F_TLBR_4,DL_C,F,TLBR,4,10hz,4,CTRV,True,44.52286971505593,1.0651677488788538
DL_C_A_TLBR_2,DL_C,A,TLBR,2,full,4,CTRV,True,32.34663924493577,0.9966844734200185
DL_C_A_TLBR_2,DL_C,A,TLBR,2,10hz,4,CTRV,True,65.40589719347146,0.7783159185583174
DL_C_A_BRTL_1,DL_C,A,BRTL,1,full,4,CTRV,True,35.360738649958826,0.8689129990546526
DL_C_A_BRTL_1,DL_C,A,BRTL,1,10hz,4,CTRV,True,63.8525464133503,0.6715625485845165
DL_C_A_BRTL_3,DL_C,A,BRTL,3,full,4,CTRV,True,31.03060418474733,1.0221729985555352
DL_C_A_BRTL_3,DL_C,A,BRTL,3,10hz,4,CTRV,True,71.0408025501471,0.9222886672665069
DL_C_F_BRTL_6,DL_C,F,BRTL,6,full,4,CTRV,True,17.868081002519695,0.9564381794825422
DL_C_F_BRTL_6,DL_C,F,BRTL,6,10hz,4,CTRV,True,41.21235990152722,1.0184712718454219
DL_C_F_BRTL_4,DL_C,F,BRTL,4,full,4,CTRV,True,26.706086522442636,1.0199779212908802
DL_C_F_BRTL_4,DL_C,F,BRTL,4,10hz,4,CTRV,True,48.845351252742404,0.8639493764916026
DL_C_F_BRTL_3,DL_C,F,BRTL,3,full,4,CTRV,True,25.174623862328414,0.9968123932186216
DL_C_F_BRTL_3,DL_C,F,BRTL,3,10hz,4,CTRV,True,59.623595609188555,0.9614706120775601
DL_C_F_TLBR_1,DL_C,F,TLBR,1,full,4,CTRV,True,24.731383243256836,1.010070921402818
DL_C_F_TLBR_1,DL_C,F,TLBR,1,10hz,4,CTRV,True,56.278041390212856,1.066744630352628
DL_C_F_TLBR_3,DL_C,F,TLBR,3,full,4,CTRV,True,24.364667775995468,0.9410666864872408
DL_C_F_TLBR_3,DL_C,F,TLBR,3,10hz,4,CTRV,True,45.932158920236425,0.7777068444152984
IL_C_A_RCW_3,IL_C,A,RCW,3,full,4,CTRV,True,14.67989929698688,1.0111583112158384
IL_C_A_RCW_3,IL_C,A,RCW,3,10hz,4,CTRV,True,35.02510249458189,1.1250418464336291
IL_C_A_RCCW_4,IL_C,A,RCCW,4,full,4,CTRV,True,18.605528554929926,1.0091983356158114
IL_C_A_RCCW_4,IL_C,A,RCCW,4,10hz,4,CTRV,True,41.45698623608988,1.0005524455917596
IL_C_F_RCCW_4,IL_C,F,RCCW,4,full,4,CTRV,True,18.90960669944873,1.0494099304641784
IL_C_F_RCCW_4,IL_C,F,RCCW,4,10hz,4,CTRV,True,42.514478953562495,1.0524118961759326
IL_C_F_RCCW_3,IL_C,F,RCCW,3,full,4,CTRV,True,16.84563335093369,1.0324438193046266
IL_C_F_RCCW_3,IL_C,F,RCCW,3,10hz,4,CTRV,True,35.97359334979349,0.9653999531219178
IL_C_F_RCCW_1,IL_C,F,RCCW,1,full,4,CTRV,True,16.488737484506963,1.049805766095879
IL_C_F_RCCW_1,IL_C,F,RCCW,1,10hz,4,CTRV,True,37.235348745409006,1.0903630130350939
IL_C_A_RCW_2,IL_C,A,RCW,2,full,4,CTRV,True,19.06064927799451,0.9743375347928819
IL_C_A_RCW_2,IL_C,A,RCW,2,10hz,4,CTRV,True,43.014879146051186,0.931844437061872
IL_C_F_RCW_4,IL_C,F,RCW,4,full,4,CTRV,True,21.46500715919126,1.027117409272657
IL_C_F_RCW_4,IL_C,F,RCW,4,10hz,4,CTRV,True,48.79525027371243,0.9900408324491443
IL_C_F_RCW_6,IL_C,F,RCW,6,full,4,CTRV,True,19.00595169516318,1.0118119021015162
IL_C_F_RCW_6,IL_C,F,RCW,6,10hz,4,CTRV,True,41.229214892428224,0.9520991903866133
IL_C_F_RCW_2,IL_C,F,RCW,2,full,4,CTRV,True,19.193694594956888,1.1180423791948264
IL_C_F_RCW_2,IL_C,F,RCW,2,10hz,4,CTRV,True,41.846248115346725,1.0321939019529387
IL_C_F_RCW_1,IL_C,F,RCW,1,full,4,CTRV,True,20.69153827591254,1.049536868335166
IL_C_F_RCW_1,IL_C,F,RCW,1,10hz,4,CTRV,True,43.007299945832365,1.119110358903814
IL_C_A_RCCW_2,IL_C,A,RCCW,2,full,4,CTRV,True,19.818285033135172,0.9855366568284863
IL_C_A_RCCW_2,IL_C,A,RCCW,2,10hz,4,CTRV,True,43.56033401697585,0.9914428053309998
IL_C_A_RCCW_3,IL_C,A,RCCW,3,full,4,CTRV,True,19.108093418274038,1.0121990173505717
IL_C_A_RCCW_3,IL_C,A,RCCW,3,10hz,4,CTRV,True,41.01916104815804,1.013634992471141
IL_C_A_RCCW_1,IL_C,A,RCCW,1,full,4,CTRV,True,18.63051119898463,1.068648379036193
IL_C_A_RCCW_1,IL_C,A,RCCW,1,10hz,4,CTRV,True,45.17389298832852,1.1461649017714362
IL_C_F_RCW_7,IL_C,F,RCW,7,full,4,CTRV,True,17.260819172624625,0.9507953122888934
IL_C_F_RCW_7,IL_C,F,RCW,7,10hz,4,CTRV,True,37.85019185153203,0.9601008085726139
IL_C_F_RCW_3,IL_C,F,RCW,3,full,4,CTRV,True,17.004787027835135,0.950129388892185
IL_C_F_RCW_3,IL_C,F,RCW,3,10hz,4,CTRV,True,38.16497598358452,0.9474059350412153
IL_C_A_RCW_1,IL_C,A,RCW,1,full,4,CTRV,True,22.13149532252599,1.0089977487089938
IL_C_A_RCW_1,IL_C,A,RCW,1,10hz,4,CTRV,True,50.18846192125082,1.0339910675059332
IL_C_A_RCW_4,IL_C,A,RCW,4,full,4,CTRV,True,18.106365538811065,0.9540278371136325
IL_C_A_RCW_4,IL_C,A,RCW,4,10hz,4,CTRV,True,42.28769118298648,1.037348112608235
IL_C_F_RCCW_2,IL_C,F,RCCW,2,full,4,CTRV,True,15.083188511580063,1.0067651867513663
IL_C_F_RCCW_2,IL_C,F,RCCW,2,10hz,4,CTRV,True,36.14680769695037,1.148771680165826
IL_C_F_RCW_5,IL_C,F,RCW,5,full,4,CTRV,True,16.67218281212331,0.9975423849681102
IL_C_F_RCW_5,IL_C,F,RCW,5,10hz,4,CTRV,True,36.69048759772948,1.0345957272189719
SP_C_A_CCW_4,SP_C,A,CCW,4,full,4,CTRV,True,19.054171910865875,1.0706784959204967
SP_C_A_CCW_4,SP_C,A,CCW,4,10hz,4,CTRV,True,40.793428690445005,1.1167989177092295
SP_C_A_CW_4,SP_C,A,CW,4,full,4,CTRV,True,15.585570394587819,0.9700252282640028
SP_C_A_CW_4,SP_C,A,CW,4,10hz,4,CTRV,True,32.72320869730293,1.0598319523356856
SP_C_A_CCW_1,SP_C,A,CCW,1,full,4,CTRV,True,17.09088082628351,1.022780121332653
SP_C_A_CCW_1,SP_C,A,CCW,1,10hz,4,CTRV,True,39.821134772465335,1.139074484301736
SP_C_F_CW_2,SP_C,F,CW,2,full,4,CTRV,True,15.762045521550347,1.0328288896478586
SP_C_F_CW_2,SP_C,F,CW,2,10hz,4,CTRV,True,38.455644243276595,1.1930114110218963
SP_C_F_CCW_2,SP_C,F,CCW,2,full,4,CTRV,True,26.537639158282328,0.9728460869048569
SP_C_F_CCW_2,SP_C,F,CCW,2,10hz,4,CTRV,True,57.15397668712905,1.1103893692002897
SP_C_A_CW_2,SP_C,A,CW,2,full,4,CTRV,True,18.018511366318943,0.9674261612031867
SP_C_A_CW_2,SP_C,A,CW,2,10hz,4,CTRV,True,35.92770275646079,0.9750166618258089
SP_C_F_CW_3,SP_C,F,CW,3,full,4,CTRV,True,19.48947722714587,0.9893990387351844
SP_C_F_CW_3,SP_C,F,CW,3,10hz,4,CTRV,True,46.106358634433086,1.0714577467822124
SP_C_A_CW_1,SP_C,A,CW,1,full,4,CTRV,True,15.05103566731641,0.9399042370221211
SP_C_A_CW_1,SP_C,A,CW,1,10hz,4,CTRV,True,36.915174415136114,1.1030024716910354
SP_C_A_CCW_2,SP_C,A,CCW,2,full,4,CTRV,True,27.242842794612265,1.019041399336586
SP_C_A_CCW_2,SP_C,A,CCW,2,10hz,4,CTRV,True,51.528943514656284,1.093654996151255
SP_C_A_CCW_3,SP_C,A,CCW,3,full,4,CTRV,True,17.721650150630328,1.0195633514413154
SP_C_A_CCW_3,SP_C,A,CCW,3,10hz,4,CTRV,True,37.04060150498475,0.9628742955978851
SP_C_F_CCW_3,SP_C,F,CCW,3,full,4,CTRV,True,17.048424361996144,0.9689432484513737
SP_C_F_CCW_3,SP_C,F,CCW,3,10hz,4,CTRV,True,35.996863825229,1.0730610466721642
SP_C_A_CW_3,SP_C,A,CW,3,full,4,CTRV,True,15.05103566731641,0.9399042370221211
SP_C_A_CW_3,SP_C,A,CW,3,10hz,4,CTRV,True,36.915174415136114,1.1030024716910354
SP_C_F_CCW_4,SP_C,F,CCW,4,full,4,CTRV,True,17.67775660491294,0.9935844554043376
SP_C_F_CCW_4,SP_C,F,CCW,4,10hz,4,CTRV,True,39.420644937277466,1.0237942507840876
SP_C_F_CW_4,SP_C,F,CW,4,full,4,CTRV,True,18.71806939000716,1.0868526985912956
SP_C_F_CW_4,SP_C,F,CW,4,10hz,4,CTRV,True,39.3117231888592,1.0431735871553374
SP_C_F_CW_1,SP_C,F,CW,1,full,4,CTRV,True,14.176786252856317,0.9803247339542216
SP_C_F_CW_1,SP_C,F,CW,1,10hz,4,CTRV,True,33.797527871874394,1.099399645059958
SP_C_F_CCW_1,SP_C,F,CCW,1,full,4,CTRV,True,19.963598897750398,1.0952170824415886
SP_C_F_CCW_1,SP_C,F,CCW,1,10hz,4,CTRV,True,42.78247305387972,1.1578347718993192
CP_C_F_CW_1,CP_C,F,CW,1,full,4,CTRV,True,20.373904369549482,0.9598456552041518
CP_C_F_CW_1,CP_C,F,CW,1,10hz,4,CTRV,True,51.01454863891697,1.10331338066015
CP_C_F_CCW_1,CP_C,F,CCW,1,full,4,CTRV,True,19.59714890223906,1.0435311977092172
CP_C_F_CCW_1,CP_C,F,CCW,1,10hz,4,CTRV,True,47.382900722746655,1.160100155307781
CP_C_F_CCW_111,CP_C,F,CCW,111,full,4,CTRV,True,19.59714890223906,1.0435311977092172
CP_C_F_CCW_111,CP_C,F,CCW,111,10hz,4,CTRV,True,47.382900722746655,1.160100155307781
CP_C_A_CCW_3,CP_C,A,CCW,3,full,4,CTRV,True,21.90560780384917,0.9820276144979908
CP_C_A_CCW_3,CP_C,A,CCW,3,10hz,4,CTRV,True,50.64671750161841,0.8912639553669672
CP_C_A_CCW_1,CP_C,A,CCW,1,full,4,CTRV,True,20.99806322544158,0.8839135963240107
CP_C_A_CCW_1,CP_C,A,CCW,1,10hz,4,CTRV,True,49.15578188047055,1.0094398969620564
CP_C_F_CW_4,CP_C,F,CW,4,full,4,CTRV,True,22.9575403718766,1.0638223620379264
CP_C_F_CW_4,CP_C,F,CW,4,10hz,4,CTRV,True,55.04303671281355,1.0458354309935933
CP_C_F_CW_3,CP_C,F,CW,3,full,4,CTRV,True,19.90673529095189,0.9649026768674872
CP_C_F_CW_3,CP_C,F,CW,3,10hz,4,CTRV,True,43.94742442265803,0.9933344098947664
CP_C_F_CW_2,CP_C,F,CW,2,full,4,CTRV,True,20.51580799464331,0.9471262336345216
CP_C_F_CW_2,CP_C,F,CW,2,10hz,4,CTRV,True,50.42056107456147,1.035840900747303
CP_C_A_CW_2,CP_C,A,CW,2,full,4,CTRV,True,23.215492470633368,1.0437184976851464
CP_C_A_CW_2,CP_C,A,CW,2,10hz,4,CTRV,True,53.15474279309357,0.9792174604760417
CP_C_A_CW_3,CP_C,A,CW,3,full,4,CTRV,True,21.59218974198164,0.9983502466963619
CP_C_A_CW_3,CP_C,A,CW,3,10hz,4,CTRV,True,49.879985649879096,0.9590827646782644
CP_C_A_CCW_2,CP_C,A,CCW,2,full,4,CTRV,True,24.34659231954531,0.9760606154985249
CP_C_A_CCW_2,CP_C,A,CCW,2,10hz,4,CTRV,True,56.80696324969874,1.0219599834231934
CP_C_F_CCW_2,CP_C,F,CCW,2,full,4,CTRV,True,17.629912824824707,0.9635287610884614
CP_C_F_CCW_2,CP_C,F,CCW,2,10hz,4,CTRV,True,44.36549483827502,1.098756192404185
CP_C_F_CCW_3,CP_C,F,CCW,3,full,4,CTRV,True,20.104595745443767,0.9572854250950324
CP_C_F_CCW_3,CP_C,F,CCW,3,10hz,4,CTRV,True,50.75805733609191,1.0746568007390995
CP_C_A_CW_1,CP_C,A,CW,1,full,4,CTRV,True,23.00521582296791,1.0087425437762096
CP_C_A_CW_1,CP_C,A,CW,1,10hz,4,CTRV,True,48.47848709142954,0.961334202075263
VL_C_F_TD_3,VL_C,F,TD,3,full,4,CTRV,False,19.040569227036848,0.99603970011225
VL_C_F_TD_3,VL_C,F,TD,3,10hz,4,CTRV,False,48.66372459998159,1.1150496763007063
VL_C_F_BU_5,VL_C,F,BU,5,full,4,CTRV,False,22.315044180127703,0.9779436293652202
VL_C_F_BU_5,VL_C,F,BU,5,10hz,4,CTRV,False,54.01866426941609,0.9467766004228755
VL_C_F_BU_6,VL_C,F,BU,6,full,4,CTRV,False,21.536781896540475,0.8997808423058418
VL_C_F_BU_6,VL_C,F,BU,6,10hz,4,CTRV,False,36.41445616731991,0.6619692930191402
VL_C_F_TD_5,VL_C,F,TD,5,full,4,CTRV,False,22.533803121668313,1.3029999988728447
VL_C_F_TD_5,VL_C,F,TD,5,10hz,4,CTRV,False,69.73374790769591,1.2387549855638227
VL_C_A_TD_1,VL_C,A,TD,1,full,4,CTRV,False,27.566605173282866,1.097292400610913
VL_C_A_TD_1,VL_C,A,TD,1,10hz,4,CTRV,False,70.78881007686293,1.2039812739981772
VL_C_A_BU_3,VL_C,A,BU,3,full,4,CTRV,False,34.073705954897825,0.9775022572466403
VL_C_A_BU_3,VL_C,A,BU,3,10hz,4,CTRV,False,58.589396048394406,0.6779631742949543
VL_C_A_BU_1,VL_C,A,BU,1,full,4,CTRV,False,25.0311785729843,1.1130251317746365
VL_C_A_BU_1,VL_C,A,BU,1,10hz,4,CTRV,False,71.45210495455768,1.042236589220697
VL_C_F_TD_2,VL_C,F,TD,2,full,4,CTRV,False,17.837751425123813,0.9390357521287361
VL_C_F_TD_2,VL_C,F,TD,2,10hz,4,CTRV,False,51.607763758199845,1.1411941424945569
VL_C_A_TD_3,VL_C,A,TD,3,full,4,CTRV,False,21.28267887768686,0.9718449032491051
VL_C_A_TD_3,VL_C,A,TD,3,10hz,4,CTRV,False,51.73986202738659,1.169072749022445
VL_C_F_TD_6,VL_C,F,TD,6,full,4,CTRV,False,16.398613810422894,0.9331902465543658
VL_C_F_TD_6,VL_C,F,TD,6,10hz,4,CTRV,False,53.60643249251712,1.2545775261680538
VL_C_F_BU_1,VL_C,F,BU,1,full,4,CTRV,False,22.422823812787254,1.0990430793890091
VL_C_F_BU_1,VL_C,F,BU,1,10hz,4,CTRV,False,54.3756920178478,1.2025754912482245
VL_C_F_TD_1,VL_C,F,TD,1,full,4,CTRV,False,23.039510070899354,0.9435787199871343
VL_C_F_TD_1,VL_C,F,TD,1,10hz,4,CTRV,False,53.51017479889968,1.1325815166739241
VL_C_F_TD_4,VL_C,F,TD,4,full,4,CTRV,False,17.376635984908173,1.0886357431015228
VL_C_F_TD_4,VL_C,F,TD,4,10hz,4,CTRV,False,63.16228823431629,1.3607048267141062
VL_C_A_TD_2,VL_C,A,TD,2,full,4,CTRV,False,28.71484406278721,0.9155962915632228
VL_C_A_TD_2,VL_C,A,TD,2,10hz,4,CTRV,False,58.34730479388715,1.0102058665242937
VL_C_A_BU_2,VL_C,A,BU,2,full,4,CTRV,False,29.87897900255626,0.8074235916670075
VL_C_A_BU_2,VL_C,A,BU,2,10hz,4,CTRV,False,40.50271693722142,0.4756388803722404
VL_C_F_BU_4,VL_C,F,BU,4,full,4,CTRV,False,27.237307337515823,1.019581575593223
VL_C_F_BU_4,VL_C,F,BU,4,10hz,4,CTRV,False,57.33731249559406,0.8819831035129705
VL_C_F_BU_3,VL_C,F,BU,3,full,4,CTRV,False,20.09795884577331,1.0513636380731368
VL_C_F_BU_3,VL_C,F,BU,3,10hz,4,CTRV,False,52.194791739072286,1.074261281520784
VL_C_F_BU_2,VL_C,F,BU,2,full,4,CTRV,False,21.314131313206286,1.0135965201598058
VL_C_F_BU_2,VL_C,F,BU,2,10hz,4,CTRV,False,52.48604458938997,1.1598049440165126
HL_C_F_RL_4,HL_C,F,RL,4,full,4,CTRV,False,23.60556847936471,0.9231744348901068
HL_C_F_RL_4,HL_C,F,RL,4,10hz,4,CTRV,False,43.21717361149894,0.9172880888782274
HL_C_A_RL_2,HL_C,A,RL,2,full,4,CTRV,False,27.66745064882408,0.879862939333458
HL_C_A_RL_2,HL_C,A,RL,2,10hz,4,CTRV,False,57.48652100454632,0.7606611688099809
HL_C_F_RL_3,HL_C,F,RL,3,full,4,CTRV,False,27.5015032368396,0.9616079189648896
HL_C_F_RL_3,HL_C,F,RL,3,10hz,4,CTRV,False,40.429851570456194,0.6672666153783997
HL_C_F_RL_1,HL_C,F,RL,1,full,4,CTRV,False,22.775507630851358,1.006444578235881
HL_C_F_RL_1,HL_C,F,RL,1,10hz,4,CTRV,False,50.32612377147063,0.9565097430061227
HL_C_A_LR_1,HL_C,A,LR,1,full,4,CTRV,False,27.75456879914398,0.9474377547674535
HL_C_A_LR_1,HL_C,A,LR,1,10hz,4,CTRV,False,62.06372167580546,0.9014478654950331
HL_C_A_RL_3,HL_C,A,RL,3,full,4,CTRV,False,24.06453433684102,0.8635888887187108
HL_C_A_RL_3,HL_C,A,RL,3,10hz,4,CTRV,False,59.86661513623849,0.9035612263601683
HL_C_F_LR_1,HL_C,F,LR,1,full,4,CTRV,False,21.29640115037848,1.0063126266444304
HL_C_F_LR_1,HL_C,F,LR,1,10hz,4,CTRV,False,46.68846317040253,0.9584862999569684
HL_C_F_LR_3,HL_C,F,LR,3,full,4,CTRV,False,25.77171074664315,1.0353979111818643
HL_C_F_LR_3,HL_C,F,LR,3,10hz,4,CTRV,False,50.05974069826535,0.7868586269569484
HL_C_F_LR_4,HL_C,F,LR,4,full,4,CTRV,False,19.820126697160102,0.9821397167797862
HL_C_F_LR_4,HL_C,F,LR,4,10hz,4,CTRV,False,45.91400274129584,0.9719780385121348
HL_C_A_LR_3,HL_C,A,LR,3,full,4,CTRV,False,24.96221084616142,0.9791130242700362
HL_C_A_LR_3,HL_C,A,LR,3,10hz,4,CTRV,False,44.139107437581316,0.7772436542929396
HL_C_A_LR_2,HL_C,A,LR,2,full,4,CTRV,False,26.65916994682745,0.9206053274235035
HL_C_A_LR_2,HL_C,A,LR,2,10hz,4,CTRV,False,59.177201879138856,0.894110738633178
HL_C_F_RL_6,HL_C,F,RL,6,full,4,CTRV,False,21.437605697485576,0.9194246169983328
HL_C_F_RL_6,HL_C,F,RL,6,10hz,4,CTRV,False,46.100076306956446,0.94836033450609
HL_C_A_RL_1,HL_C,A,RL,1,full,4,CTRV,False,26.161314839808526,0.9400454778819668
HL_C_A_RL_1,HL_C,A,RL,1,10hz,4,CTRV,False,49.171825059477186,0.9254809678959831
HL_C_F_RL_5,HL_C,F,RL,5,full,4,CTRV,False,28.856030444087455,0.957315878699423
HL_C_F_RL_5,HL_C,F,RL,5,10hz,4,CTRV,False,55.508354165443976,0.814533068809345
HL_C_F_LR_2,HL_C,F,LR,2,full,4,CTRV,False,20.88528377523638,0.9714337420141581
HL_C_F_LR_2,HL_C,F,LR,2,10hz,4,CTRV,False,43.1090466546252,0.8442456477434639
HL_C_F_LR_6,HL_C,F,LR,6,full,4,CTRV,False,16.625779116692502,0.9541391494983265
HL_C_F_LR_6,HL_C,F,LR,6,10hz,4,CTRV,False,37.34488476420491,0.9290308739291311
HL_C_F_RL_2,HL_C,F,RL,2,full,4,CTRV,False,22.164554114335235,0.9318641270524515
HL_C_F_RL_2,HL_C,F,RL,2,10hz,4,CTRV,False,53.82827317898564,0.9772452729479101
HL_C_F_LR_5,HL_C,F,LR,5,full,4,CTRV,False,26.436966100343767,1.0724696568304826
HL_C_F_LR_5,HL_C,F,LR,5,10hz,4,CTRV,False,56.14341251352168,0.921784343612305
DL_C_F_TLBR_5,DL_C,F,TLBR,5,full,4,CTRV,False,28.719185684783607,0.9633312839053138
DL_C_F_TLBR_5,DL_C,F,TLBR,5,10hz,4,CTRV,False,56.08996035701272,0.8954431419038966
DL_C_F_BRTL_5,DL_C,F,BRTL,5,full,4,CTRV,False,28.51689143578042,1.089905867803837
DL_C_F_BRTL_5,DL_C,F,BRTL,5,10hz,4,CTRV,False,54.82092152639366,0.913137805223447
DL_C_A_BRTL_2,DL_C,A,BRTL,2,full,4,CTRV,False,28.944154686195176,0.9938635721576534
DL_C_A_BRTL_2,DL_C,A,BRTL,2,10hz,4,CTRV,False,73.52974890252106,1.01703186174492
DL_C_F_BRTL_1,DL_C,F,BRTL,1,full,4,CTRV,False,28.535614420014472,0.9318816973675986
DL_C_F_BRTL_1,DL_C,F,BRTL,1,10hz,4,CTRV,False,65.01953828155229,0.993748969174733
DL_C_F_TLBR_6,DL_C,F,TLBR,6,full,4,CTRV,False,22.31661651147043,0.9583768260801064
DL_C_F_TLBR_6,DL_C,F,TLBR,6,10hz,4,CTRV,False,45.062678149266354,0.9347500779167299
DL_C_F_BRTL_2,DL_C,F,BRTL,2,full,4,CTRV,False,35.19574512740663,0.8695453567497745
DL_C_F_BRTL_2,DL_C,F,BRTL,2,10hz,4,CTRV,False,55.06440181047428,0.8529578681203499
DL_C_A_TLBR_3,DL_C,A,TLBR,3,full,4,CTRV,False,26.585157181991057,1.0108820647509977
DL_C_A_TLBR_3,DL_C,A,TLBR,3,10hz,4,CTRV,False,66.5221605063791,1.0984507725283656
DL_C_A_TLBR_1,DL_C,A,TLBR,1,full,4,CTRV,False,27.714497133824107,0.9680435389982027
DL_C_A_TLBR_1,DL_C,A,TLBR,1,10hz,4,CTRV,False,67.47081217134708,1.0285007672163227
DL_C_F_TLBR_2,DL_C,F,TLBR,2,full,4,CTRV,False,31.108772054039537,1.1021513164975605
DL_C_F_TLBR_2,DL_C,F,TLBR,2,10hz,4,CTRV,False,59.222533244494386,0.9030379386683494
DL_C_F_TLBR_4,DL_C,F,TLBR,4,full,4,CTRV,False,20.117538177712866,1.0330970467102154
DL_C_F_TLBR_4,DL_C,F,TLBR,4,10hz,4,CTRV,False,44.7384488449391,1.0459101544270555
DL_C_A_TLBR_2,DL_C,A,TLBR,2,full,4,CTRV,False,33.00410192736172,0.9814258305300128
DL_C_A_TLBR_2,DL_C,A,TLBR,2,10hz,4,CTRV,False,62.31077801176016,0.734500543543181
DL_C_A_BRTL_1,DL_C,A,BRTL,1,full,4,CTRV,False,36.10722397261042,0.8835752979072469
DL_C_A_BRTL_1,DL_C,A,BRTL,1,10hz,4,CTRV,False,67.08300323334787,0.7033213734127528
DL_C_A_BRTL_3,DL_C,A,BRTL,3,full,4,CTRV,False,31.616161127275987,1.0213982552031624
DL_C_A_BRTL_3,DL_C,A,BRTL,3,10hz,4,CTRV,False,70.77077512811722,0.8849475076744435
DL_C_F_BRTL_6,DL_C,F,BRTL,6,full,4,CTRV,False,18.166201507826013,0.9564428833498616
DL_C_F_BRTL_6,DL_C,F,BRTL,6,10hz,4,CTRV,False,41.69543930898222,1.0166417105842411
DL_C_F_BRTL_4,DL_C,F,BRTL,4,full,4,CTRV,False,27.508707980727777,1.026891172117478
DL_C_F_BRTL_4,DL_C,F,BRTL,4,10hz,4,CTRV,False,49.28456920538126,0.8643980126906277
DL_C_F_BRTL_3,DL_C,F,BRTL,3,full,4,CTRV,False,25.51943873517862,0.9990977021583407
DL_C_F_BRTL_3,DL_C,F,BRTL,3,10hz,4,CTRV,False,57.03698199180715,0.9169265554874368
DL_C_F_TLBR_1,DL_C,F,TLBR,1,full,4,CTRV,False,25.233518121332533,1.0053817525246085
DL_C_F_TLBR_1,DL_C,F,TLBR,1,10hz,4,CTRV,False,58.381817463354956,1.0822433442937471
DL_C_F_TLBR_3,DL_C,F,TLBR,3,full,4,CTRV,False,24.922501420561307,0.9361888605287856
DL_C_F_TLBR_3,DL_C,F,TLBR,3,10hz,4,CTRV,False,45.909201230315865,0.7668508773153613
IL_C_A_RCW_3,IL_C,A,RCW,3,full,4,CTRV,False,14.7176475446496,0.9917381204851564
IL_C_A_RCW_3,IL_C,A,RCW,3,10hz,4,CTRV,False,34.68204343556528,1.0816070298923195
IL_C_A_RCCW_4,IL_C,A,RCCW,4,full,4,CTRV,False,18.756362251785138,0.9954767063698675
IL_C_A_RCCW_4,IL_C,A,RCCW,4,10hz,4,CTRV,False,41.52749750546833,0.990812142175632
IL_C_F_RCCW_4,IL_C,F,RCCW,4,full,4,CTRV,False,18.86262421780914,1.0090947045239111
IL_C_F_RCCW_4,IL_C,F,RCCW,4,10hz,4,CTRV,False,42.66528730300612,1.025190510742919
IL_C_F_RCCW_3,IL_C,F,RCCW,3,full,4,CTRV,False,16.794621237230725,0.9917304626724952
IL_C_F_RCCW_3,IL_C,F,RCCW,3,10hz,4,CTRV,False,36.87922056687193,0.9551984460926282
IL_C_F_RCCW_1,IL_C,F,RCCW,1,full,4,CTRV,False,16.34636476406798,1.0063834962992184
IL_C_F_RCCW_1,IL_C,F,RCCW,1,10hz,4,CTRV,False,36.88455141591865,1.0572490544284605
IL_C_A_RCW_2,IL_C,A,RCW,2,full,4,CTRV,False,19.548518068066493,0.9673546290338061
IL_C_A_RCW_2,IL_C,A,RCW,2,10hz,4,CTRV,False,43.205632222333946,0.9230132616043506
IL_C_F_RCW_4,IL_C,F,RCW,4,full,4,CTRV,False,21.15860665372963,0.986970442229436
IL_C_F_RCW_4,IL_C,F,RCW,4,10hz,4,CTRV,False,50.65154268032958,0.9991030493041788
IL_C_F_RCW_6,IL_C,F,RCW,6,full,4,CTRV,False,19.43849566973024,1.0032598755234898
IL_C_F_RCW_6,IL_C,F,RCW,6,10hz,4,CTRV,False,43.13907470979266,0.9824901217456646
IL_C_F_RCW_2,IL_C,F,RCW,2,full,4,CTRV,False,19.351598120473152,1.088745345834335
IL_C_F_RCW_2,IL_C,F,RCW,2,10hz,4,CTRV,False,43.18180168018015,1.0322469236852465
IL_C_F_RCW_1,IL_C,F,RCW,1,full,4,CTRV,False,19.702757342124258,1.0267247434054116
IL_C_F_RCW_1,IL_C,F,RCW,1,10hz,4,CTRV,False,41.88641758361306,1.071087639556987
IL_C_A_RCCW_2,IL_C,A,RCCW,2,full,4,CTRV,False,20.19293132550655,0.9585007955513632
IL_C_A_RCCW_2,IL_C,A,RCCW,2,10hz,4,CTRV,False,44.83511730049065,0.9678361995745
IL_C_A_RCCW_3,IL_C,A,RCCW,3,full,4,CTRV,False,19.93201216627657,0.9883520455449993
IL_C_A_RCCW_3,IL_C,A,RCCW,3,10hz,4,CTRV,False,40.28745580054307,0.9603730587429521
IL_C_A_RCCW_1,IL_C,A,RCCW,1,full,4,CTRV,False,18.580392747564307,1.0314008458271895
IL_C_A_RCCW_1,IL_C,A,RCCW,1,10hz,4,CTRV,False,45.657187661448816,1.1129254400250934
IL_C_F_RCW_7,IL_C,F,RCW,7,full,4,CTRV,False,17.428872457411934,0.9380462099648654
IL_C_F_RCW_7,IL_C,F,RCW,7,10hz,4,CTRV,False,38.778470370654226,0.9708033983993275
IL_C_F_RCW_3,IL_C,F,RCW,3,full,4,CTRV,False,17.178872388195234,0.943251405417802
IL_C_F_RCW_3,IL_C,F,RCW,3,10hz,4,CTRV,False,38.20243667883102,0.9342884594063239
IL_C_A_RCW_1,IL_C,A,RCW,1,full,4,CTRV,False,22.664145143191927,0.9702796754851316
IL_C_A_RCW_1,IL_C,A,RCW,1,10hz,4,CTRV,False,51.73310236265265,1.0228649937803416
IL_C_A_RCW_4,IL_C,A,RCW,4,full,4,CTRV,False,18.43211379852357,0.9392917162981114
IL_C_A_RCW_4,IL_C,A,RCW,4,10hz,4,CTRV,False,42.60018614497235,1.0134110542541352
IL_C_F_RCCW_2,IL_C,F,RCCW,2,full,4,CTRV,False,14.986131902315673,0.968162861389376
IL_C_F_RCCW_2,IL_C,F,RCCW,2,10hz,4,CTRV,False,35.9038425032826,1.1169266227215366
IL_C_F_RCW_5,IL_C,F,RCW,5,full,4,CTRV,False,16.97740747216098,0.9841135813693768
IL_C_F_RCW_5,IL_C,F,RCW,5,10hz,4,CTRV,False,36.092907529066345,0.9860871325820797
SP_C_A_CCW_4,SP_C,A,CCW,4,full,4,CTRV,False,18.228513978947195,1.0045630076444734
SP_C_A_CCW_4,SP_C,A,CCW,4,10hz,4,CTRV,False,41.52257977838517,1.095861307636916
SP_C_A_CW_4,SP_C,A,CW,4,full,4,CTRV,False,15.203696997102663,0.9339285591956863
SP_C_A_CW_4,SP_C,A,CW,4,10hz,4,CTRV,False,32.066545938266074,1.0095335895043638
SP_C_A_CCW_1,SP_C,A,CCW,1,full,4,CTRV,False,16.74270206014795,0.9860015444948487
SP_C_A_CCW_1,SP_C,A,CCW,1,10hz,4,CTRV,False,40.183760431485545,1.1111415161747844
SP_C_F_CW_2,SP_C,F,CW,2,full,4,CTRV,False,15.629968438466419,0.9960130145250694
SP_C_F_CW_2,SP_C,F,CW,2,10hz,4,CTRV,False,38.68519137812709,1.1409476323885765
SP_C_F_CCW_2,SP_C,F,CCW,2,full,4,CTRV,False,26.387091879806317,0.9680637299853976
SP_C_F_CCW_2,SP_C,F,CCW,2,10hz,4,CTRV,False,56.31270257050099,1.0786454380074462
SP_C_A_CW_2,SP_C,A,CW,2,full,4,CTRV,False,18.49989600689918,0.9621467140241933
SP_C_A_CW_2,SP_C,A,CW,2,10hz,4,CTRV,False,36.65143242522922,0.9589517673425133
SP_C_F_CW_3,SP_C,F,CW,3,full,4,CTRV,False,19.797257172865734,0.9869643067897553
SP_C_F_CW_3,SP_C,F,CW,3,10hz,4,CTRV,False,46.05770897211746,1.0357779721713267
SP_C_A_CW_1,SP_C,A,CW,1,full,4,CTRV,False,15.309313700098201,0.926640784223888
SP_C_A_CW_1,SP_C,A,CW,1,10hz,4,CTRV,False,37.27634782117963,1.075826830224071
SP_C_A_CCW_2,SP_C,A,CCW,2,full,4,CTRV,False,26.909606246600255,1.000657149179176
SP_C_A_CCW_2,SP_C,A,CCW,2,10hz,4,CTRV,False,51.043224030401475,1.066848611018949
SP_C_A_CCW_3,SP_C,A,CCW,3,full,4,CTRV,False,17.824364352879517,1.0121311025639035
SP_C_A_CCW_3,SP_C,A,CCW,3,10hz,4,CTRV,False,38.063360700424894,0.9740176623564619
SP_C_F_CCW_3,SP_C,F,CCW,3,full,4,CTRV,False,17.290575222193258,0.9701076544811109
SP_C_F_CCW_3,SP_C,F,CCW,3,10hz,4,CTRV,False,35.51659101217936,1.0342547524838437
SP_C_A_CW_3,SP_C,A,CW,3,full,4,CTRV,False,15.309313700098201,0.926640784223888
SP_C_A_CW_3,SP_C,A,CW,3,10hz,4,CTRV,False,37.27634782117963,1.075826830224071
SP_C_F_CCW_4,SP_C,F,CCW,4,full,4,CTRV,False,17.765304326929083,0.9756977255099101
SP_C_F_CCW_4,SP_C,F,CCW,4,10hz,4,CTRV,False,40.89039756449394,1.0439722131619094
SP_C_F_CW_4,SP_C,F,CW,4,full,4,CTRV,False,18.615850199014233,1.0635312092863616
SP_C_F_CW_4,SP_C,F,CW,4,10hz,4,CTRV,False,39.63352970820695,1.0200046499516506
SP_C_F_CW_1,SP_C,F,CW,1,full,4,CTRV,False,13.92543210935443,0.9401239250573575
SP_C_F_CW_1,SP_C,F,CW,1,10hz,4,CTRV,False,33.83753682990594,1.0786828078365331
SP_C_F_CCW_1,SP_C,F,CCW,1,full,4,CTRV,False,18.101838916160723,1.0220545494244877
SP_C_F_CCW_1,SP_C,F,CCW,1,10hz,4,CTRV,False,40.263936186817446,1.0815855391300844
CP_C_F_CW_1,CP_C,F,CW,1,full,4,CTRV,False,21.290332747078644,0.96227983713686
CP_C_F_CW_1,CP_C,F,CW,1,10hz,4,CTRV,False,50.900672245127815,1.0583601938986007
CP_C_F_CCW_1,CP_C,F,CCW,1,full,4,CTRV,False,19.558016719730265,1.010395968638797
CP_C_F_CCW_1,CP_C,F,CCW,1,10hz,4,CTRV,False,47.25562199122178,1.1145968190482336
CP_C_F_CCW_111,CP_C,F,CCW,111,full,4,CTRV,False,19.558016719730265,1.010395968638797
CP_C_F_CCW_111,CP_C,F,CCW,111,10hz,4,CTRV,False,47.25562199122178,1.1145968190482336
CP_C_A_CCW_3,CP_C,A,CCW,3,full,4,CTRV,False,22.228040597227796,0.9530065480972045
CP_C_A_CCW_3,CP_C,A,CCW,3,10hz,4,CTRV,False,51.42057588529197,0.8797985549282116
CP_C_A_CCW_1,CP_C,A,CCW,1,full,4,CTRV,False,21.704813978220024,0.901481747043933
CP_C_A_CCW_1,CP_C,A,CCW,1,10hz,4,CTRV,False,47.118501896975104,0.9237731224598146
CP_C_F_CW_4,CP_C,F,CW,4,full,4,CTRV,False,22.79174429436375,1.0413494828566556
CP_C_F_CW_4,CP_C,F,CW,4,10hz,4,CTRV,False,53.61435611138874,0.9850480296007471
CP_C_F_CW_3,CP_C,F,CW,3,full,4,CTRV,False,20.09470552617328,0.9598200021804086
CP_C_F_CW_3,CP_C,F,CW,3,10hz,4,CTRV,False,45.821862286312246,1.0044082708311548
CP_C_F_CW_2,CP_C,F,CW,2,full,4,CTRV,False,20.32820191006666,0.9189985321541319
CP_C_F_CW_2,CP_C,F,CW,2,10hz,4,CTRV,False,49.973094371652756,1.0056761031844441
CP_C_A_CW_2,CP_C,A,CW,2,full,4,CTRV,False,23.18517576426973,1.0169995137855028
CP_C_A_CW_2,CP_C,A,CW,2,10hz,4,CTRV,False,53.08628787563644,0.9654946932717409
CP_C_A_CW_3,CP_C,A,CW,3,full,4,CTRV,False,21.875869494919566,0.9828384489272456
CP_C_A_CW_3,CP_C,A,CW,3,10hz,4,CTRV,False,50.15025506895173,0.9535605288899341
CP_C_A_CCW_2,CP_C,A,CCW,2,full,4,CTRV,False,24.708407616520265,0.9711972120158062
CP_C_A_CCW_2,CP_C,A,CCW,2,10hz,4,CTRV,False,56.68342430166307,0.9853793801711458
CP_C_F_CCW_2,CP_C,F,CCW,2,full,4,CTRV,False,17.569436285019176,0.9299859772220176
CP_C_F_CCW_2,CP_C,F,CCW,2,10hz,4,CTRV,False,46.18333351818017,1.1147311249203715
CP_C_F_CCW_3,CP_C,F,CCW,3,full,4,CTRV,False,19.817524921744102,0.9274100752257922
CP_C_F_CCW_3,CP_C,F,CCW,3,10hz,4,CTRV,False,51.2638515191417,1.0560491689175395
CP_C_A_CW_1,CP_C,A,CW,1,full,4,CTRV,False,22.77849204455815,0.972177802143789
CP_C_A_CW_1,CP_C,A,CW,1,10hz,4,CTRV,False,48.468601278712,0.939928070063722
