dataset_name,path_type,acceleration_type,path_direction,path_number,sample_rate,ph,prediction_model,average_error,average_error_normal
CP_C_F_CW_1,CP_C,F,CW,1,full,4,CTRV,124.05038043697567,6.763600464268209
CP_C_F_CW_1,CP_C,F,CW,1,10hz,4,CTRV,129.92508152855223,2.954034703728248
CP_C_F_CCW_1,CP_C,F,CCW,1,full,4,CTRV,138.23933656898433,8.3536661294991
CP_C_F_CCW_1,CP_C,F,CCW,1,10hz,4,CTRV,139.39974771764363,3.2852408540670113
CP_C_A_CCW_3,CP_C,A,CCW,3,full,4,CTRV,137.30239762633394,7.402303222418338
CP_C_A_CCW_3,CP_C,A,CCW,3,10hz,4,CTRV,146.40106062338452,2.710367877124052
CP_C_A_CCW_1,CP_C,A,CCW,1,full,4,CTRV,150.54057944887325,10.844321301970274
CP_C_A_CCW_1,CP_C,A,CCW,1,10hz,4,CTRV,159.52876026722672,5.1101941193707034
CP_C_F_CW_4,CP_C,F,CW,4,full,4,CTRV,103.84580222875826,5.2689593088877915
CP_C_F_CW_4,CP_C,F,CW,4,10hz,4,CTRV,107.67007237488895,2.2301370524944333
CP_C_F_CW_3,CP_C,F,CW,3,full,4,CTRV,119.23162449294291,6.44841248106936
CP_C_F_CW_3,CP_C,F,CW,3,10hz,4,CTRV,128.509955681806,2.92217442126001
CP_C_F_CW_2,CP_C,F,CW,2,full,4,CTRV,125.1287242244475,6.018884037008862
CP_C_F_CW_2,CP_C,F,CW,2,10hz,4,CTRV,129.24463030968477,2.698087256205633
CP_C_A_CW_2,CP_C,A,CW,2,full,4,CTRV,122.91148194457499,6.4529762978783145
CP_C_A_CW_2,CP_C,A,CW,2,10hz,4,CTRV,128.53536669896363,2.5151245465245613
CP_C_A_CW_3,CP_C,A,CW,3,full,4,CTRV,122.07136383256974,5.771960745630326
CP_C_A_CW_3,CP_C,A,CW,3,10hz,4,CTRV,122.3935052027502,2.3068312289923165
CP_C_A_CCW_2,CP_C,A,CCW,2,full,4,CTRV,133.67914786942472,6.1391980266788915
CP_C_A_CCW_2,CP_C,A,CCW,2,10hz,4,CTRV,145.72226902494816,2.712863219211646
CP_C_F_CCW_2,CP_C,F,CCW,2,full,4,CTRV,134.32097807580345,8.412838121454424
CP_C_F_CCW_2,CP_C,F,CCW,2,10hz,4,CTRV,147.29133483362878,3.6944264799793487
CP_C_F_CCW_3,CP_C,F,CCW,3,full,4,CTRV,121.73796318856876,6.527876533725161
CP_C_F_CCW_3,CP_C,F,CCW,3,10hz,4,CTRV,136.4188629474196,2.905531438830653
CP_C_A_CW_1,CP_C,A,CW,1,full,4,CTRV,132.7454558269267,7.239846520528809
CP_C_A_CW_1,CP_C,A,CW,1,10hz,4,CTRV,136.54687298668426,2.954420090516787
SP_C_A_CCW_4,SP_C,A,CCW,4,full,4,CTRV,159.87324849355306,12.586574568449915
SP_C_A_CCW_4,SP_C,A,CCW,4,10hz,4,CTRV,170.06044308102688,5.231449238208728
SP_C_A_CW_4,SP_C,A,CW,4,full,4,CTRV,128.79855989919665,10.856524315334083
SP_C_A_CW_4,SP_C,A,CW,4,10hz,4,CTRV,132.07789226251458,5.1514270312676
SP_C_A_CCW_1,SP_C,A,CCW,1,full,4,CTRV,154.01997201255477,11.80393986330457
SP_C_A_CCW_1,SP_C,A,CCW,1,10hz,4,CTRV,159.44579842948139,5.254040916350987
SP_C_F_CW_2,SP_C,F,CW,2,full,4,CTRV,135.97284251008156,11.67106809462262
SP_C_F_CW_2,SP_C,F,CW,2,10hz,4,CTRV,137.09102511754406,4.6933823065089735
SP_C_F_CCW_2,SP_C,F,CCW,2,full,4,CTRV,166.83190231745672,7.620288645353808
SP_C_F_CCW_2,SP_C,F,CCW,2,10hz,4,CTRV,169.20276893277378,3.6035176194877097
SP_C_A_CW_2,SP_C,A,CW,2,full,4,CTRV,153.88038051284212,10.83017975349483
SP_C_A_CW_2,SP_C,A,CW,2,10hz,4,CTRV,155.48450702476342,4.560330028688487
SP_C_F_CW_3,SP_C,F,CW,3,full,4,CTRV,142.09567119323358,8.786262306577484
SP_C_F_CW_3,SP_C,F,CW,3,10hz,4,CTRV,148.82279076633083,3.622806571168632
SP_C_A_CW_1,SP_C,A,CW,1,full,4,CTRV,131.4520062278073,12.16821666083088
SP_C_A_CW_1,SP_C,A,CW,1,10hz,4,CTRV,137.54532913026136,5.303706953074845
SP_C_A_CCW_2,SP_C,A,CCW,2,full,4,CTRV,133.42591901726058,6.521641846621563
SP_C_A_CCW_2,SP_C,A,CCW,2,10hz,4,CTRV,139.84781715573936,3.187781106349229
SP_C_A_CCW_3,SP_C,A,CCW,3,full,4,CTRV,129.6724187987298,8.126970454948317
SP_C_A_CCW_3,SP_C,A,CCW,3,10hz,4,CTRV,133.73999146491036,3.525279560021969
SP_C_F_CCW_3,SP_C,F,CCW,3,full,4,CTRV,151.51471000330477,10.216041224913884
SP_C_F_CCW_3,SP_C,F,CCW,3,10hz,4,CTRV,155.02874386140826,4.780168798670543
SP_C_A_CW_3,SP_C,A,CW,3,full,4,CTRV,131.4520062278073,12.16821666083088
SP_C_A_CW_3,SP_C,A,CW,3,10hz,4,CTRV,137.54532913026136,5.303706953074845
SP_C_F_CCW_4,SP_C,F,CCW,4,full,4,CTRV,150.66774297185023,9.653412727655565
SP_C_F_CCW_4,SP_C,F,CCW,4,10hz,4,CTRV,159.33548829027586,4.2137807474057265
SP_C_F_CW_4,SP_C,F,CW,4,full,4,CTRV,144.69375784599308,10.257254653730081
SP_C_F_CW_4,SP_C,F,CW,4,10hz,4,CTRV,155.54769403529625,4.4616135363298355
SP_C_F_CW_1,SP_C,F,CW,1,full,4,CTRV,128.32223860142642,11.047367199875948
SP_C_F_CW_1,SP_C,F,CW,1,10hz,4,CTRV,137.52798740506364,4.910016085773681
SP_C_F_CCW_1,SP_C,F,CCW,1,full,4,CTRV,159.6586538562615,13.772519001811663
SP_C_F_CCW_1,SP_C,F,CCW,1,10hz,4,CTRV,167.118087463625,5.5714574475506184
IL_C_A_RCW_3,IL_C,A,RCW,3,full,4,CTRV,124.65931880782566,11.237582736905745
IL_C_A_RCW_3,IL_C,A,RCW,3,10hz,4,CTRV,130.6913774325418,5.0146224086609115
IL_C_A_RCCW_4,IL_C,A,RCCW,4,full,4,CTRV,133.14728090827987,7.859031501509129
IL_C_A_RCCW_4,IL_C,A,RCCW,4,10hz,4,CTRV,133.9012871029861,3.2873388525446563
IL_C_F_RCCW_4,IL_C,F,RCCW,4,full,4,CTRV,126.44858878694227,7.705627064239605
IL_C_F_RCCW_4,IL_C,F,RCCW,4,10hz,4,CTRV,138.83731403440072,3.506184531772299
IL_C_F_RCCW_3,IL_C,F,RCCW,3,full,4,CTRV,125.66872945277684,8.623046210405205
IL_C_F_RCCW_3,IL_C,F,RCCW,3,10hz,4,CTRV,130.8688860903806,3.678851753420144
IL_C_F_RCCW_1,IL_C,F,RCCW,1,full,4,CTRV,129.3412242230417,9.619464727309031
IL_C_F_RCCW_1,IL_C,F,RCCW,1,10hz,4,CTRV,135.7060109906393,4.116054574032159
IL_C_A_RCW_2,IL_C,A,RCW,2,full,4,CTRV,132.5348955783838,7.68297396101319
IL_C_A_RCW_2,IL_C,A,RCW,2,10hz,4,CTRV,135.28535532451139,2.970193544393532
IL_C_F_RCW_4,IL_C,F,RCW,4,full,4,CTRV,129.48118115943367,6.67499603324914
IL_C_F_RCW_4,IL_C,F,RCW,4,10hz,4,CTRV,133.57841089768138,2.731471829086701
IL_C_F_RCW_6,IL_C,F,RCW,6,full,4,CTRV,125.76276281988166,7.454195055340686
IL_C_F_RCW_6,IL_C,F,RCW,6,10hz,4,CTRV,131.20971375384883,3.2244507867481254
IL_C_F_RCW_2,IL_C,F,RCW,2,full,4,CTRV,128.4900979066385,9.374830055544098
IL_C_F_RCW_2,IL_C,F,RCW,2,10hz,4,CTRV,135.1308511962088,3.616595896397735
IL_C_F_RCW_1,IL_C,F,RCW,1,full,4,CTRV,125.1426235049081,9.172539140335495
IL_C_F_RCW_1,IL_C,F,RCW,1,10hz,4,CTRV,130.9913813479084,3.8114482045802984
IL_C_A_RCCW_2,IL_C,A,RCCW,2,full,4,CTRV,129.1657341494307,7.363586660255441
IL_C_A_RCCW_2,IL_C,A,RCCW,2,10hz,4,CTRV,144.52679398619165,3.3168241648765684
IL_C_A_RCCW_3,IL_C,A,RCCW,3,full,4,CTRV,142.18288704011312,11.142978760965992
IL_C_A_RCCW_3,IL_C,A,RCCW,3,10hz,4,CTRV,156.15077613447525,4.714625848206413
IL_C_A_RCCW_1,IL_C,A,RCCW,1,full,4,CTRV,133.4860391076987,9.881786268242179
IL_C_A_RCCW_1,IL_C,A,RCCW,1,10hz,4,CTRV,143.4946318603484,3.967575045819006
IL_C_F_RCW_7,IL_C,F,RCW,7,full,4,CTRV,124.66712838505005,7.599612661096097
IL_C_F_RCW_7,IL_C,F,RCW,7,10hz,4,CTRV,128.97961239542406,3.3272680252366613
IL_C_F_RCW_3,IL_C,F,RCW,3,full,4,CTRV,121.13860512549438,7.39830378045282
IL_C_F_RCW_3,IL_C,F,RCW,3,10hz,4,CTRV,120.81727943961282,2.962782605540175
IL_C_A_RCW_1,IL_C,A,RCW,1,full,4,CTRV,129.65277036900866,7.78295467918576
IL_C_A_RCW_1,IL_C,A,RCW,1,10hz,4,CTRV,147.74976311856292,3.5344210707734924
IL_C_A_RCW_4,IL_C,A,RCW,4,full,4,CTRV,127.1467262124559,8.580251967593384
IL_C_A_RCW_4,IL_C,A,RCW,4,10hz,4,CTRV,142.07905801608075,3.878775606402905
IL_C_F_RCCW_2,IL_C,F,RCCW,2,full,4,CTRV,138.54028113101614,10.917646915435116
IL_C_F_RCCW_2,IL_C,F,RCCW,2,10hz,4,CTRV,144.01059736773365,4.668262243539275
IL_C_F_RCW_5,IL_C,F,RCW,5,full,4,CTRV,124.53770837312194,8.77566935790755
IL_C_F_RCW_5,IL_C,F,RCW,5,10hz,4,CTRV,126.39973035672516,3.7029066706583253
DL_C_F_TLBR_5,DL_C,F,TLBR,5,full,4,CTRV,86.50052792232543,2.9671301077771886
DL_C_F_TLBR_5,DL_C,F,TLBR,5,10hz,4,CTRV,94.6237056688831,1.5243749293719362
DL_C_F_BRTL_5,DL_C,F,BRTL,5,full,4,CTRV,88.34200569119884,3.7563771772439076
DL_C_F_BRTL_5,DL_C,F,BRTL,5,10hz,4,CTRV,109.55821821708682,1.8475452566651458
DL_C_A_BRTL_2,DL_C,A,BRTL,2,full,4,CTRV,111.06211564594932,4.664041055509935
DL_C_A_BRTL_2,DL_C,A,BRTL,2,10hz,4,CTRV,153.13010102472373,2.4522171145436604
DL_C_F_BRTL_1,DL_C,F,BRTL,1,full,4,CTRV,94.08753650484725,3.5347990764602364
DL_C_F_BRTL_1,DL_C,F,BRTL,1,10hz,4,CTRV,121.84927393868838,2.0532164010011424
DL_C_F_TLBR_6,DL_C,F,TLBR,6,full,4,CTRV,79.21093598918722,3.673168208103585
DL_C_F_TLBR_6,DL_C,F,TLBR,6,10hz,4,CTRV,74.02240977956244,1.478787531176354
DL_C_F_BRTL_2,DL_C,F,BRTL,2,full,4,CTRV,90.21249432818033,2.791471944909638
DL_C_F_BRTL_2,DL_C,F,BRTL,2,10hz,4,CTRV,91.85617740301815,1.471378583570911
DL_C_A_TLBR_3,DL_C,A,TLBR,3,full,4,CTRV,83.29485953593912,3.839976714695905
DL_C_A_TLBR_3,DL_C,A,TLBR,3,10hz,4,CTRV,87.10938158430663,1.5342027912574008
DL_C_A_TLBR_1,DL_C,A,TLBR,1,full,4,CTRV,120.37273244499161,6.946156669809368
DL_C_A_TLBR_1,DL_C,A,TLBR,1,10hz,4,CTRV,151.2330899669072,2.712439419817553
DL_C_F_TLBR_2,DL_C,F,TLBR,2,full,4,CTRV,102.86878878878181,4.365928959832219
DL_C_F_TLBR_2,DL_C,F,TLBR,2,10hz,4,CTRV,114.79968808161183,1.9563395419277874
DL_C_F_TLBR_4,DL_C,F,TLBR,4,full,4,CTRV,87.1390779181581,5.169502881131842
DL_C_F_TLBR_4,DL_C,F,TLBR,4,10hz,4,CTRV,90.88808054196798,2.3225263022399814
DL_C_A_TLBR_2,DL_C,A,TLBR,2,full,4,CTRV,107.79395916303062,3.9034304952077346
DL_C_A_TLBR_2,DL_C,A,TLBR,2,10hz,4,CTRV,80.48017451650588,1.0461795057469596
DL_C_A_BRTL_1,DL_C,A,BRTL,1,full,4,CTRV,111.62396714847743,2.6445433747621587
DL_C_A_BRTL_1,DL_C,A,BRTL,1,10hz,4,CTRV,129.1539701283759,1.3019417192967893
DL_C_A_BRTL_3,DL_C,A,BRTL,3,full,4,CTRV,113.77845022578383,4.502007022410127
DL_C_A_BRTL_3,DL_C,A,BRTL,3,10hz,4,CTRV,124.86162360327492,1.5452945407162921
DL_C_F_BRTL_6,DL_C,F,BRTL,6,full,4,CTRV,87.47439016610633,5.199328063960646
DL_C_F_BRTL_6,DL_C,F,BRTL,6,10hz,4,CTRV,95.59779636785814,2.313661469758126
DL_C_F_BRTL_4,DL_C,F,BRTL,4,full,4,CTRV,90.58150923566134,3.8774774319043654
DL_C_F_BRTL_4,DL_C,F,BRTL,4,10hz,4,CTRV,110.91162444772947,1.9756185008514484
DL_C_F_BRTL_3,DL_C,F,BRTL,3,full,4,CTRV,100.19725567372456,3.7846083453368595
DL_C_F_BRTL_3,DL_C,F,BRTL,3,10hz,4,CTRV,116.55835040952532,1.8384652467669913
DL_C_F_TLBR_1,DL_C,F,TLBR,1,full,4,CTRV,91.79361039443941,3.887294087087198
DL_C_F_TLBR_1,DL_C,F,TLBR,1,10hz,4,CTRV,113.20143591219215,2.072054657497286
DL_C_F_TLBR_3,DL_C,F,TLBR,3,full,4,CTRV,97.53425736320102,3.9219551224553584
DL_C_F_TLBR_3,DL_C,F,TLBR,3,10hz,4,CTRV,94.53200031760554,1.6802010694964913
HL_C_F_RL_4,HL_C,F,RL,4,full,4,CTRV,96.66456941716811,4.471396109908571
HL_C_F_RL_4,HL_C,F,RL,4,10hz,4,CTRV,93.72738285837842,1.9002332886189843
HL_C_A_RL_2,HL_C,A,RL,2,full,4,CTRV,122.7431516024698,3.796074176923812
HL_C_A_RL_2,HL_C,A,RL,2,10hz,4,CTRV,141.97756527379576,1.8332253040246262
HL_C_F_RL_3,HL_C,F,RL,3,full,4,CTRV,91.59562303991704,3.2522040559421304
HL_C_F_RL_3,HL_C,F,RL,3,10hz,4,CTRV,89.944631235702,1.4064304237162168
HL_C_F_RL_1,HL_C,F,RL,1,full,4,CTRV,89.28289115879822,4.494908688998153
HL_C_F_RL_1,HL_C,F,RL,1,10hz,4,CTRV,100.03687314939523,1.948183854366197
HL_C_A_LR_1,HL_C,A,LR,1,full,4,CTRV,96.88591643804085,4.315776420053134
HL_C_A_LR_1,HL_C,A,LR,1,10hz,4,CTRV,74.26775451666673,1.1226666315279128
HL_C_A_RL_3,HL_C,A,RL,3,full,4,CTRV,132.64806204149212,4.431183676453502
HL_C_A_RL_3,HL_C,A,RL,3,10hz,4,CTRV,151.98031387276262,2.1132417019372514
HL_C_F_LR_1,HL_C,F,LR,1,full,4,CTRV,86.75224940890965,5.009329547735755
HL_C_F_LR_1,HL_C,F,LR,1,10hz,4,CTRV,89.76580248542122,1.939268445401903
HL_C_F_LR_3,HL_C,F,LR,3,full,4,CTRV,94.80152850155257,4.22611807440646
HL_C_F_LR_3,HL_C,F,LR,3,10hz,4,CTRV,96.22417752108076,1.5901561904623505
HL_C_F_LR_4,HL_C,F,LR,4,full,4,CTRV,93.94453082741485,5.177865444130252
HL_C_F_LR_4,HL_C,F,LR,4,10hz,4,CTRV,93.62288128052948,2.049718063831356
HL_C_A_LR_3,HL_C,A,LR,3,full,4,CTRV,89.19090398285498,4.541845249042748
HL_C_A_LR_3,HL_C,A,LR,3,10hz,4,CTRV,69.317432795902,1.4382925532297985
HL_C_A_LR_2,HL_C,A,LR,2,full,4,CTRV,91.7435001828874,3.7924641999441326
HL_C_A_LR_2,HL_C,A,LR,2,10hz,4,CTRV,80.828216015097,1.2510710878301643
HL_C_F_RL_6,HL_C,F,RL,6,full,4,CTRV,97.41332538844837,4.381773854546226
HL_C_F_RL_6,HL_C,F,RL,6,10hz,4,CTRV,112.60776417217805,2.2799151424535355
HL_C_A_RL_1,HL_C,A,RL,1,full,4,CTRV,95.57338366698322,2.880612845874018
HL_C_A_RL_1,HL_C,A,RL,1,10hz,4,CTRV,110.08450790794225,1.68253115515022
HL_C_F_RL_5,HL_C,F,RL,5,full,4,CTRV,94.66752736409643,3.7114064964149533
HL_C_F_RL_5,HL_C,F,RL,5,10hz,4,CTRV,103.22061954630986,1.5364526640878078
HL_C_F_LR_2,HL_C,F,LR,2,full,4,CTRV,91.06888127477835,5.084033628233689
HL_C_F_LR_2,HL_C,F,LR,2,10hz,4,CTRV,90.32115340160263,1.8249358765206156
HL_C_F_LR_6,HL_C,F,LR,6,full,4,CTRV,88.06211106494456,5.8406399234392765
HL_C_F_LR_6,HL_C,F,LR,6,10hz,4,CTRV,88.20326181731488,2.2687394513650037
HL_C_F_RL_2,HL_C,F,RL,2,full,4,CTRV,88.5643734045136,4.153134289046072
HL_C_F_RL_2,HL_C,F,RL,2,10hz,4,CTRV,100.27867876631328,1.8364353914104594
HL_C_F_LR_5,HL_C,F,LR,5,full,4,CTRV,98.23732049323003,4.204841113808792
HL_C_F_LR_5,HL_C,F,LR,5,10hz,4,CTRV,100.65818022229683,1.6467009807253672
VL_C_F_TD_3,VL_C,F,TD,3,full,4,CTRV,62.499726482129255,4.120944098441362
VL_C_F_TD_3,VL_C,F,TD,3,10hz,4,CTRV,72.72561000957651,1.7354434570791162
VL_C_F_BU_5,VL_C,F,BU,5,full,4,CTRV,58.29401123055311,3.1498631888997384
VL_C_F_BU_5,VL_C,F,BU,5,10hz,4,CTRV,67.1577747427833,1.403592456460162
VL_C_F_BU_6,VL_C,F,BU,6,full,4,CTRV,53.25633401564683,2.3459789326411937
VL_C_F_BU_6,VL_C,F,BU,6,10hz,4,CTRV,56.150534358479945,1.1390691521904315
VL_C_F_TD_5,VL_C,F,TD,5,full,4,CTRV,51.41661742236766,4.912245955330091
VL_C_F_TD_5,VL_C,F,TD,5,10hz,4,CTRV,78.52247030959717,1.424985463906847
VL_C_A_TD_1,VL_C,A,TD,1,full,4,CTRV,69.39417916694785,3.043668785760776
VL_C_A_TD_1,VL_C,A,TD,1,10hz,4,CTRV,102.01064150772437,1.6186828788874785
VL_C_A_BU_3,VL_C,A,BU,3,full,4,CTRV,60.19993999201051,1.9385091543901116
VL_C_A_BU_3,VL_C,A,BU,3,10hz,4,CTRV,51.293827970565665,0.6055758398059192
VL_C_A_BU_1,VL_C,A,BU,1,full,4,CTRV,61.76148816222431,2.8696878125538516
VL_C_A_BU_1,VL_C,A,BU,1,10hz,4,CTRV,82.70042189929471,1.1300727826520138
VL_C_F_TD_2,VL_C,F,TD,2,full,4,CTRV,52.49863205943962,2.7262144897327256
VL_C_F_TD_2,VL_C,F,TD,2,10hz,4,CTRV,64.89594306160234,1.4212053648719256
VL_C_A_TD_3,VL_C,A,TD,3,full,4,CTRV,66.5769376349241,2.992630521412231
VL_C_A_TD_3,VL_C,A,TD,3,10hz,4,CTRV,85.42109878419981,1.7874851394649205
VL_C_F_TD_6,VL_C,F,TD,6,full,4,CTRV,64.79944985650022,5.462259966955942
VL_C_F_TD_6,VL_C,F,TD,6,10hz,4,CTRV,74.61392662505256,1.9089167185340348
VL_C_F_BU_1,VL_C,F,BU,1,full,4,CTRV,69.72144201398626,4.152269745499881
VL_C_F_BU_1,VL_C,F,BU,1,10hz,4,CTRV,82.02077868743245,1.7435330140389498
VL_C_F_TD_1,VL_C,F,TD,1,full,4,CTRV,53.664773972135045,2.858547260834608
VL_C_F_TD_1,VL_C,F,TD,1,10hz,4,CTRV,62.58764848298444,1.3305445032776613
VL_C_F_TD_4,VL_C,F,TD,4,full,4,CTRV,51.094809699526216,4.398263755397077
VL_C_F_TD_4,VL_C,F,TD,4,10hz,4,CTRV,75.24058721116886,1.6341484598415417
VL_C_A_TD_2,VL_C,A,TD,2,full,4,CTRV,62.00031113795692,2.1335174370845285
VL_C_A_TD_2,VL_C,A,TD,2,10hz,4,CTRV,57.86975892091792,0.8673318581282472
VL_C_A_BU_2,VL_C,A,BU,2,full,4,CTRV,59.356122998826535,1.737180250724638
VL_C_A_BU_2,VL_C,A,BU,2,10hz,4,CTRV,44.00847107499438,0.5037982752319399
VL_C_F_BU_4,VL_C,F,BU,4,full,4,CTRV,65.70647827657706,2.5109900578473856
VL_C_F_BU_4,VL_C,F,BU,4,10hz,4,CTRV,85.1706724362246,1.1968064102338871
VL_C_F_BU_3,VL_C,F,BU,3,full,4,CTRV,57.81044050311305,3.1998616244324194
VL_C_F_BU_3,VL_C,F,BU,3,10hz,4,CTRV,68.6734330825178,1.477533852695206
VL_C_F_BU_2,VL_C,F,BU,2,full,4,CTRV,62.82939277510499,3.5559305848330816
VL_C_F_BU_2,VL_C,F,BU,2,10hz,4,CTRV,64.80155598590683,1.432874335213799
VL_C_F_TD_3,VL_C,F,TD,3,full,1,CTRV,57.40369076812171,22.205041918642145
VL_C_F_TD_3,VL_C,F,TD,3,10hz,1,CTRV,54.65004730677397,10.249496318735739
VL_C_F_BU_5,VL_C,F,BU,5,full,1,CTRV,49.80361114926294,13.094276830263443
VL_C_F_BU_5,VL_C,F,BU,5,10hz,1,CTRV,46.99851889400026,5.424015145052518
VL_C_F_BU_6,VL_C,F,BU,6,full,1,CTRV,51.19525923292136,13.776458901981187
VL_C_F_BU_6,VL_C,F,BU,6,10hz,1,CTRV,42.10728359879692,10.15867388121536
VL_C_F_TD_5,VL_C,F,TD,5,full,1,CTRV,45.27901873134422,84.01177266524003
VL_C_F_TD_5,VL_C,F,TD,5,10hz,1,CTRV,41.551370406040355,12.925364408988495
VL_C_A_TD_1,VL_C,A,TD,1,full,1,CTRV,57.599977733830386,16.945098437175705
VL_C_A_TD_1,VL_C,A,TD,1,10hz,1,CTRV,55.767694882369604,17.205309066051306
VL_C_A_BU_3,VL_C,A,BU,3,full,1,CTRV,50.08462289383369,13.934391016058171
VL_C_A_BU_3,VL_C,A,BU,3,10hz,1,CTRV,40.78596448189977,2.6144481919984295
VL_C_A_BU_1,VL_C,A,BU,1,full,1,CTRV,58.822545115618794,13.200578069719672
VL_C_A_BU_1,VL_C,A,BU,1,10hz,1,CTRV,53.32333358785067,8.1616387612637
VL_C_F_TD_2,VL_C,F,TD,2,full,1,CTRV,49.24054135985689,15.32556871903436
VL_C_F_TD_2,VL_C,F,TD,2,10hz,1,CTRV,46.38460514850977,7.447000658144467
VL_C_A_TD_3,VL_C,A,TD,3,full,1,CTRV,61.44584433421969,14.25971878146055
VL_C_A_TD_3,VL_C,A,TD,3,10hz,1,CTRV,63.00373684973272,7.185261374320386
VL_C_F_TD_6,VL_C,F,TD,6,full,1,CTRV,60.858283556750365,58.727141788744674
VL_C_F_TD_6,VL_C,F,TD,6,10hz,1,CTRV,56.33642098718027,10.35073859933805
VL_C_F_BU_1,VL_C,F,BU,1,full,1,CTRV,61.81999882752949,23.385736508587744
VL_C_F_BU_1,VL_C,F,BU,1,10hz,1,CTRV,60.523111340159694,10.618696100440893
VL_C_F_TD_1,VL_C,F,TD,1,full,1,CTRV,40.83082539142325,10.973404349752526
VL_C_F_TD_1,VL_C,F,TD,1,10hz,1,CTRV,34.81522532292835,4.1068037193648
VL_C_F_TD_4,VL_C,F,TD,4,full,1,CTRV,45.78647838948472,21.58749802942868
VL_C_F_TD_4,VL_C,F,TD,4,10hz,1,CTRV,46.350793220740194,9.855466965376763
VL_C_A_TD_2,VL_C,A,TD,2,full,1,CTRV,50.26819508260893,11.413862334710963
VL_C_A_TD_2,VL_C,A,TD,2,10hz,1,CTRV,52.80117703926934,5.9847863696671615
VL_C_A_BU_2,VL_C,A,BU,2,full,1,CTRV,50.02150396740253,6.272302926100324
VL_C_A_BU_2,VL_C,A,BU,2,10hz,1,CTRV,37.242286328886266,2.0722562910355635
VL_C_F_BU_4,VL_C,F,BU,4,full,1,CTRV,53.04744297555531,13.273622380538148
VL_C_F_BU_4,VL_C,F,BU,4,10hz,1,CTRV,51.728196602696904,3.2939958447759228
VL_C_F_BU_3,VL_C,F,BU,3,full,1,CTRV,53.46467784325849,22.574484857267354
VL_C_F_BU_3,VL_C,F,BU,3,10hz,1,CTRV,45.082456671466886,5.97351769634802
VL_C_F_BU_2,VL_C,F,BU,2,full,1,CTRV,54.473490788605915,20.029898818413635
VL_C_F_BU_2,VL_C,F,BU,2,10hz,1,CTRV,51.22129520083114,8.05051599117204
HL_C_F_RL_4,HL_C,F,RL,4,full,1,CTRV,90.22507864681398,27.43720788887559
HL_C_F_RL_4,HL_C,F,RL,4,10hz,1,CTRV,86.21824860662723,10.170502456653969
HL_C_A_RL_2,HL_C,A,RL,2,full,1,CTRV,108.48401939760895,16.631773352986446
HL_C_A_RL_2,HL_C,A,RL,2,10hz,1,CTRV,102.98855305115414,5.61083112611009
HL_C_F_RL_3,HL_C,F,RL,3,full,1,CTRV,75.76037051151258,12.418035798635673
HL_C_F_RL_3,HL_C,F,RL,3,10hz,1,CTRV,70.27544393775254,5.48887442357054
HL_C_F_RL_1,HL_C,F,RL,1,full,1,CTRV,82.85544940104461,25.311308710842226
HL_C_F_RL_1,HL_C,F,RL,1,10hz,1,CTRV,79.95204454923876,8.216908641130225
HL_C_A_LR_1,HL_C,A,LR,1,full,1,CTRV,84.29373603516149,22.0533871242052
HL_C_A_LR_1,HL_C,A,LR,1,10hz,1,CTRV,64.73961423836268,5.254418583380528
HL_C_A_RL_3,HL_C,A,RL,3,full,1,CTRV,118.82120940120859,22.686769802571856
HL_C_A_RL_3,HL_C,A,RL,3,10hz,1,CTRV,119.1720823604093,7.520012380742776
HL_C_F_LR_1,HL_C,F,LR,1,full,1,CTRV,78.92232753691259,22.06735720295163
HL_C_F_LR_1,HL_C,F,LR,1,10hz,1,CTRV,73.48412394574956,11.67321540472006
HL_C_F_LR_3,HL_C,F,LR,3,full,1,CTRV,80.01588687426114,20.898779375279716
HL_C_F_LR_3,HL_C,F,LR,3,10hz,1,CTRV,72.27293873100693,5.288434515113689
HL_C_F_LR_4,HL_C,F,LR,4,full,1,CTRV,86.43352807045588,26.772001568088328
HL_C_F_LR_4,HL_C,F,LR,4,10hz,1,CTRV,80.46019485793116,9.874618191097206
HL_C_A_LR_3,HL_C,A,LR,3,full,1,CTRV,76.85833695837088,23.11507160310609
HL_C_A_LR_3,HL_C,A,LR,3,10hz,1,CTRV,65.01075083387464,6.923811925604818
HL_C_A_LR_2,HL_C,A,LR,2,full,1,CTRV,80.35294369191237,14.798959649746216
HL_C_A_LR_2,HL_C,A,LR,2,10hz,1,CTRV,68.47040002894308,5.469861497589206
HL_C_F_RL_6,HL_C,F,RL,6,full,1,CTRV,88.60901387381558,27.132977107065464
HL_C_F_RL_6,HL_C,F,RL,6,10hz,1,CTRV,88.95891792540505,10.130150928294013
HL_C_A_RL_1,HL_C,A,RL,1,full,1,CTRV,89.04388058271073,12.918360489913027
HL_C_A_RL_1,HL_C,A,RL,1,10hz,1,CTRV,89.77801106310032,7.40553698526547
HL_C_F_RL_5,HL_C,F,RL,5,full,1,CTRV,83.83017689100768,20.76390409646278
HL_C_F_RL_5,HL_C,F,RL,5,10hz,1,CTRV,78.40203052478695,7.355795979649926
HL_C_F_LR_2,HL_C,F,LR,2,full,1,CTRV,83.35124957583537,30.50348604946544
HL_C_F_LR_2,HL_C,F,LR,2,10hz,1,CTRV,75.40740664855052,7.93812460531205
HL_C_F_LR_6,HL_C,F,LR,6,full,1,CTRV,81.93922345434433,29.52483981946799
HL_C_F_LR_6,HL_C,F,LR,6,10hz,1,CTRV,80.82077594791852,12.312482490584998
HL_C_F_RL_2,HL_C,F,RL,2,full,1,CTRV,82.01052854811964,18.71035877354451
HL_C_F_RL_2,HL_C,F,RL,2,10hz,1,CTRV,84.66035931689642,8.644700341976389
HL_C_F_LR_5,HL_C,F,LR,5,full,1,CTRV,85.79726707769369,19.74703888590566
HL_C_F_LR_5,HL_C,F,LR,5,10hz,1,CTRV,80.69780588482467,6.945904291609023
DL_C_F_TLBR_5,DL_C,F,TLBR,5,full,1,CTRV,78.89133221784154,16.529986698962418
DL_C_F_TLBR_5,DL_C,F,TLBR,5,10hz,1,CTRV,74.70861499916938,8.815818123670748
DL_C_F_BRTL_5,DL_C,F,BRTL,5,full,1,CTRV,76.34068848984404,15.917228146452267
DL_C_F_BRTL_5,DL_C,F,BRTL,5,10hz,1,CTRV,72.62233092098599,5.783860666067071
DL_C_A_BRTL_2,DL_C,A,BRTL,2,full,1,CTRV,93.87535174043099,25.17374412395054
DL_C_A_BRTL_2,DL_C,A,BRTL,2,10hz,1,CTRV,91.3760925231559,7.089625145371049
DL_C_F_BRTL_1,DL_C,F,BRTL,1,full,1,CTRV,80.5810118594178,15.166452594740447
DL_C_F_BRTL_1,DL_C,F,BRTL,1,10hz,1,CTRV,77.1670903342698,7.312636713577818
DL_C_F_TLBR_6,DL_C,F,TLBR,6,full,1,CTRV,73.73476068939327,20.71930793086214
DL_C_F_TLBR_6,DL_C,F,TLBR,6,10hz,1,CTRV,65.77510833004179,7.275283655755236
DL_C_F_BRTL_2,DL_C,F,BRTL,2,full,1,CTRV,71.66699701919099,14.766070704605216
DL_C_F_BRTL_2,DL_C,F,BRTL,2,10hz,1,CTRV,65.48545822160689,7.574793807653906
DL_C_A_TLBR_3,DL_C,A,TLBR,3,full,1,CTRV,70.01309006677958,16.553864310718563
DL_C_A_TLBR_3,DL_C,A,TLBR,3,10hz,1,CTRV,48.1413029504337,4.198756751515029
DL_C_A_TLBR_1,DL_C,A,TLBR,1,full,1,CTRV,108.66445971456007,35.61772948379992
DL_C_A_TLBR_1,DL_C,A,TLBR,1,10hz,1,CTRV,105.90369605987053,14.195235104199195
DL_C_F_TLBR_2,DL_C,F,TLBR,2,full,1,CTRV,87.1969663938393,20.39486231449759
DL_C_F_TLBR_2,DL_C,F,TLBR,2,10hz,1,CTRV,89.11333380007834,10.465303560271217
DL_C_F_TLBR_4,DL_C,F,TLBR,4,full,1,CTRV,77.11883337372144,24.481541360242147
DL_C_F_TLBR_4,DL_C,F,TLBR,4,10hz,1,CTRV,73.17623782151229,11.551236057890238
DL_C_A_TLBR_2,DL_C,A,TLBR,2,full,1,CTRV,92.41130769635446,22.175705133130904
DL_C_A_TLBR_2,DL_C,A,TLBR,2,10hz,1,CTRV,78.04396047934458,4.513436123613017
DL_C_A_BRTL_1,DL_C,A,BRTL,1,full,1,CTRV,96.24965271115566,13.22687128684244
DL_C_A_BRTL_1,DL_C,A,BRTL,1,10hz,1,CTRV,96.06590667240248,5.270722632629247
DL_C_A_BRTL_3,DL_C,A,BRTL,3,full,1,CTRV,100.15996197603032,25.019389268624415
DL_C_A_BRTL_3,DL_C,A,BRTL,3,10hz,1,CTRV,95.92880990674628,7.260599180739927
DL_C_F_BRTL_6,DL_C,F,BRTL,6,full,1,CTRV,80.0232152909722,27.347334841784036
DL_C_F_BRTL_6,DL_C,F,BRTL,6,10hz,1,CTRV,77.10053249510115,9.081458857076559
DL_C_F_BRTL_4,DL_C,F,BRTL,4,full,1,CTRV,79.22643490137341,15.95972922131675
DL_C_F_BRTL_4,DL_C,F,BRTL,4,10hz,1,CTRV,79.33546322801227,6.450362503377833
DL_C_F_BRTL_3,DL_C,F,BRTL,3,full,1,CTRV,89.35388938818467,18.668124665931337
DL_C_F_BRTL_3,DL_C,F,BRTL,3,10hz,1,CTRV,83.2491488757089,5.956909202351277
DL_C_F_TLBR_1,DL_C,F,TLBR,1,full,1,CTRV,84.41493348640279,19.63944658279437
DL_C_F_TLBR_1,DL_C,F,TLBR,1,10hz,1,CTRV,84.35702616011882,7.229025558053973
DL_C_F_TLBR_3,DL_C,F,TLBR,3,full,1,CTRV,87.55569075085975,18.496515339304125
DL_C_F_TLBR_3,DL_C,F,TLBR,3,10hz,1,CTRV,82.71133746342532,7.933304667670107
IL_C_A_RCW_3,IL_C,A,RCW,3,full,1,CTRV,121.82520803577592,66.7780672533081
IL_C_A_RCW_3,IL_C,A,RCW,3,10hz,1,CTRV,121.91885817129108,31.76746834951404
IL_C_A_RCCW_4,IL_C,A,RCCW,4,full,1,CTRV,128.4315790194282,50.2485787873511
IL_C_A_RCCW_4,IL_C,A,RCCW,4,10hz,1,CTRV,127.77287192996916,17.505884695991266
IL_C_F_RCCW_4,IL_C,F,RCCW,4,full,1,CTRV,122.36794282498843,56.88561847745277
IL_C_F_RCCW_4,IL_C,F,RCCW,4,10hz,1,CTRV,122.576495439679,18.641058219905076
IL_C_F_RCCW_3,IL_C,F,RCCW,3,full,1,CTRV,122.14832548636444,62.582036885911535
IL_C_F_RCCW_3,IL_C,F,RCCW,3,10hz,1,CTRV,122.7935113387691,21.206746846662412
IL_C_F_RCCW_1,IL_C,F,RCCW,1,full,1,CTRV,125.93755284702617,52.91176685359872
IL_C_F_RCCW_1,IL_C,F,RCCW,1,10hz,1,CTRV,127.19128408810649,25.277130440805873
IL_C_A_RCW_2,IL_C,A,RCW,2,full,1,CTRV,128.25532820339726,48.13662329346752
IL_C_A_RCW_2,IL_C,A,RCW,2,10hz,1,CTRV,127.49151959131447,16.93579446555655
IL_C_F_RCW_4,IL_C,F,RCW,4,full,1,CTRV,124.60031897076834,40.003710278616296
IL_C_F_RCW_4,IL_C,F,RCW,4,10hz,1,CTRV,124.38361899924246,16.08653263820723
IL_C_F_RCW_6,IL_C,F,RCW,6,full,1,CTRV,121.93632510160353,44.3777638156905
IL_C_F_RCW_6,IL_C,F,RCW,6,10hz,1,CTRV,122.06858057940703,18.666733393382593
IL_C_F_RCW_2,IL_C,F,RCW,2,full,1,CTRV,125.52001675035063,53.9591052454186
IL_C_F_RCW_2,IL_C,F,RCW,2,10hz,1,CTRV,124.92530359780743,22.178414331216427
IL_C_F_RCW_1,IL_C,F,RCW,1,full,1,CTRV,120.70225239815093,51.55133584711017
IL_C_F_RCW_1,IL_C,F,RCW,1,10hz,1,CTRV,120.32935882392371,20.721430697637455
IL_C_A_RCCW_2,IL_C,A,RCCW,2,full,1,CTRV,122.7718879739622,37.170686121497056
IL_C_A_RCCW_2,IL_C,A,RCCW,2,10hz,1,CTRV,125.8018032928244,15.564526907049471
IL_C_A_RCCW_3,IL_C,A,RCCW,3,full,1,CTRV,135.70955375784288,60.443117085486726
IL_C_A_RCCW_3,IL_C,A,RCCW,3,10hz,1,CTRV,137.06518724558148,27.458498384124308
IL_C_A_RCCW_1,IL_C,A,RCCW,1,full,1,CTRV,128.70494548194975,50.03810569945317
IL_C_A_RCCW_1,IL_C,A,RCCW,1,10hz,1,CTRV,128.83936949861436,22.863951028467245
IL_C_F_RCW_7,IL_C,F,RCW,7,full,1,CTRV,121.29127244147186,43.4187113546465
IL_C_F_RCW_7,IL_C,F,RCW,7,10hz,1,CTRV,121.4160048891644,17.93988441833592
IL_C_F_RCW_3,IL_C,F,RCW,3,full,1,CTRV,118.25650906214057,41.83648036284868
IL_C_F_RCW_3,IL_C,F,RCW,3,10hz,1,CTRV,117.46604145181185,20.092519255468314
IL_C_A_RCW_1,IL_C,A,RCW,1,full,1,CTRV,123.37680235003974,42.25551920469136
IL_C_A_RCW_1,IL_C,A,RCW,1,10hz,1,CTRV,124.59608904805188,16.64917110465153
IL_C_A_RCW_4,IL_C,A,RCW,4,full,1,CTRV,123.68136860934649,48.14491373535831
IL_C_A_RCW_4,IL_C,A,RCW,4,10hz,1,CTRV,124.2949322042655,26.12387669651688
IL_C_F_RCCW_2,IL_C,F,RCCW,2,full,1,CTRV,134.3933147235758,63.65389782907694
IL_C_F_RCCW_2,IL_C,F,RCCW,2,10hz,1,CTRV,134.89946265986814,26.948354440692302
IL_C_F_RCW_5,IL_C,F,RCW,5,full,1,CTRV,120.06797515380173,53.79271975159779
IL_C_F_RCW_5,IL_C,F,RCW,5,10hz,1,CTRV,118.12851803909392,27.89790852290588
SP_C_A_CCW_4,SP_C,A,CCW,4,full,1,CTRV,153.98953578749706,70.03028627098968
SP_C_A_CCW_4,SP_C,A,CCW,4,10hz,1,CTRV,153.37818910220616,32.39424606848023
SP_C_A_CW_4,SP_C,A,CW,4,full,1,CTRV,125.28528280354543,65.40756249998168
SP_C_A_CW_4,SP_C,A,CW,4,10hz,1,CTRV,121.53083096444784,31.073776678261623
SP_C_A_CCW_1,SP_C,A,CCW,1,full,1,CTRV,147.49452226246592,81.44098973280948
SP_C_A_CCW_1,SP_C,A,CCW,1,10hz,1,CTRV,144.9303572270546,32.83243453448504
SP_C_F_CW_2,SP_C,F,CW,2,full,1,CTRV,133.73617883053106,88.5431392891447
SP_C_F_CW_2,SP_C,F,CW,2,10hz,1,CTRV,133.08106246358886,42.18591984544247
SP_C_F_CCW_2,SP_C,F,CCW,2,full,1,CTRV,156.98180066733394,42.154476189723255
SP_C_F_CCW_2,SP_C,F,CCW,2,10hz,1,CTRV,155.054904024891,21.31835851813893
SP_C_A_CW_2,SP_C,A,CW,2,full,1,CTRV,149.92138184140904,61.22167057946723
SP_C_A_CW_2,SP_C,A,CW,2,10hz,1,CTRV,150.03364532268046,24.520977049627707
SP_C_F_CW_3,SP_C,F,CW,3,full,1,CTRV,135.33260231077597,51.210055860223584
SP_C_F_CW_3,SP_C,F,CW,3,10hz,1,CTRV,131.30822249513233,21.314774538609484
SP_C_A_CW_1,SP_C,A,CW,1,full,1,CTRV,125.70388717251402,71.77707761671199
SP_C_A_CW_1,SP_C,A,CW,1,10hz,1,CTRV,122.63312817072199,36.76475126241792
SP_C_A_CCW_2,SP_C,A,CCW,2,full,1,CTRV,127.23561452219745,34.994173141905335
SP_C_A_CCW_2,SP_C,A,CCW,2,10hz,1,CTRV,124.73405662564981,16.46269442193196
SP_C_A_CCW_3,SP_C,A,CCW,3,full,1,CTRV,125.04135950064966,42.767854118181084
SP_C_A_CCW_3,SP_C,A,CCW,3,10hz,1,CTRV,123.74719050471296,17.44516985591893
SP_C_F_CCW_3,SP_C,F,CCW,3,full,1,CTRV,146.78128856943323,57.04247910355099
SP_C_F_CCW_3,SP_C,F,CCW,3,10hz,1,CTRV,146.91716142007567,36.88671697023371
SP_C_A_CW_3,SP_C,A,CW,3,full,1,CTRV,125.70388717251402,71.77707761671199
SP_C_A_CW_3,SP_C,A,CW,3,10hz,1,CTRV,122.63312817072199,36.76475126241792
SP_C_F_CCW_4,SP_C,F,CCW,4,full,1,CTRV,145.6741073677543,56.528537983836614
SP_C_F_CCW_4,SP_C,F,CCW,4,10hz,1,CTRV,146.0005310466085,21.675922185255775
SP_C_F_CW_4,SP_C,F,CW,4,full,1,CTRV,140.5874916330898,64.83755541451998
SP_C_F_CW_4,SP_C,F,CW,4,10hz,1,CTRV,140.39037396673558,28.482642705216442
SP_C_F_CW_1,SP_C,F,CW,1,full,1,CTRV,125.34661790488083,63.3188568219143
SP_C_F_CW_1,SP_C,F,CW,1,10hz,1,CTRV,125.28796874287778,25.18295353254482
SP_C_F_CCW_1,SP_C,F,CCW,1,full,1,CTRV,155.10313965124257,74.05623638780763
SP_C_F_CCW_1,SP_C,F,CCW,1,10hz,1,CTRV,154.94365764052978,33.00294646746526
CP_C_F_CW_1,CP_C,F,CW,1,full,1,CTRV,120.11655864693499,39.70478493928252
CP_C_F_CW_1,CP_C,F,CW,1,10hz,1,CTRV,118.22722922487257,14.504498065727562
CP_C_F_CCW_1,CP_C,F,CCW,1,full,1,CTRV,135.0165401769779,51.34697914968692
CP_C_F_CCW_1,CP_C,F,CCW,1,10hz,1,CTRV,134.9982380701103,23.73269791769727
CP_C_A_CCW_3,CP_C,A,CCW,3,full,1,CTRV,132.28639175787194,39.31582040377671
CP_C_A_CCW_3,CP_C,A,CCW,3,10hz,1,CTRV,132.8601176213404,16.29897939233404
CP_C_A_CCW_1,CP_C,A,CCW,1,full,1,CTRV,145.83743713944833,61.53056635118573
CP_C_A_CCW_1,CP_C,A,CCW,1,10hz,1,CTRV,144.2658805404085,31.707053236589324
CP_C_F_CW_4,CP_C,F,CW,4,full,1,CTRV,100.56146434182482,31.538958513032657
CP_C_F_CW_4,CP_C,F,CW,4,10hz,1,CTRV,99.08413647825674,14.067800994856722
CP_C_F_CW_3,CP_C,F,CW,3,full,1,CTRV,116.83081685955666,39.768985340872355
CP_C_F_CW_3,CP_C,F,CW,3,10hz,1,CTRV,116.98006891585722,15.588935280720996
CP_C_F_CW_2,CP_C,F,CW,2,full,1,CTRV,120.01091475927285,34.098806324827045
CP_C_F_CW_2,CP_C,F,CW,2,10hz,1,CTRV,117.56926989762582,14.333335840709472
CP_C_A_CW_2,CP_C,A,CW,2,full,1,CTRV,118.21168795151151,33.63533004123441
CP_C_A_CW_2,CP_C,A,CW,2,10hz,1,CTRV,117.55581105987798,12.36967364257772
CP_C_A_CW_3,CP_C,A,CW,3,full,1,CTRV,117.81900054473326,29.374321330294812
CP_C_A_CW_3,CP_C,A,CW,3,10hz,1,CTRV,116.7025590822161,11.22909511572742
CP_C_A_CCW_2,CP_C,A,CCW,2,full,1,CTRV,127.86584587452408,33.6450398159459
CP_C_A_CCW_2,CP_C,A,CCW,2,10hz,1,CTRV,128.34193682410475,15.564939436583165
CP_C_F_CCW_2,CP_C,F,CCW,2,full,1,CTRV,129.5682965082698,45.113222578808866
CP_C_F_CCW_2,CP_C,F,CCW,2,10hz,1,CTRV,131.28451858778067,21.44627452715754
CP_C_F_CCW_3,CP_C,F,CCW,3,full,1,CTRV,116.24587964188252,31.542808582076137
CP_C_F_CCW_3,CP_C,F,CCW,3,10hz,1,CTRV,117.51878512558294,17.877490414747747
CP_C_A_CW_1,CP_C,A,CW,1,full,1,CTRV,128.9612628774719,47.506943772974566
CP_C_A_CW_1,CP_C,A,CW,1,10hz,1,CTRV,128.05305540745118,18.872359078472527
CP_C_F_CW_1,CP_C,F,CW,1,2.5hz,1,CTRV,110.05008776350297,3.3680503120805416
CP_C_F_CCW_1,CP_C,F,CCW,1,2.5hz,1,CTRV,144.30109944672853,4.481234899073019
CP_C_A_CCW_3,CP_C,A,CCW,3,2.5hz,1,CTRV,146.46213234450775,2.8460602474971033
CP_C_A_CCW_1,CP_C,A,CCW,1,2.5hz,1,CTRV,145.19465091697253,4.251865268868346
CP_C_F_CW_4,CP_C,F,CW,4,2.5hz,1,CTRV,97.7067514502179,2.4681063585257976
CP_C_F_CW_3,CP_C,F,CW,3,2.5hz,1,CTRV,114.49174340675437,3.136266860479354
CP_C_F_CW_2,CP_C,F,CW,2,2.5hz,1,CTRV,105.91778538401861,2.4843286284387673
CP_C_A_CW_2,CP_C,A,CW,2,2.5hz,1,CTRV,126.67433830562176,2.5145161149939805
CP_C_A_CW_3,CP_C,A,CW,3,2.5hz,1,CTRV,120.92855306799102,2.31749325992559
CP_C_A_CCW_2,CP_C,A,CCW,2,2.5hz,1,CTRV,136.13741334112586,2.6295091262381427
CP_C_F_CCW_2,CP_C,F,CCW,2,2.5hz,1,CTRV,134.0360289581261,4.176878830766816
CP_C_F_CCW_3,CP_C,F,CCW,3,2.5hz,1,CTRV,124.76879722682452,2.6061016657513667
CP_C_A_CW_1,CP_C,A,CW,1,2.5hz,1,CTRV,128.3928166583072,3.0597987188001143
SP_C_A_CCW_4,SP_C,A,CCW,4,2.5hz,1,CTRV,148.13164492805197,5.046184370798011
SP_C_A_CW_4,SP_C,A,CW,4,2.5hz,1,CTRV,120.81825133850691,10.250451295201971
SP_C_A_CCW_1,SP_C,A,CCW,1,2.5hz,1,CTRV,140.85734025382644,5.670082170817835
SP_C_F_CW_2,SP_C,F,CW,2,2.5hz,1,CTRV,133.51485139015796,4.735974961013911
SP_C_F_CCW_2,SP_C,F,CCW,2,2.5hz,1,CTRV,150.9819009111964,3.8732345375908137
SP_C_A_CW_2,SP_C,A,CW,2,2.5hz,1,CTRV,150.6337490989014,4.999043760570741
SP_C_F_CW_3,SP_C,F,CW,3,2.5hz,1,CTRV,116.43736682947646,3.5444088340445568
SP_C_A_CW_1,SP_C,A,CW,1,2.5hz,1,CTRV,100.13962483937642,5.092672372636325
SP_C_A_CCW_2,SP_C,A,CCW,2,2.5hz,1,CTRV,114.95538408560897,3.6140448551524615
SP_C_A_CCW_3,SP_C,A,CCW,3,2.5hz,1,CTRV,116.87358641304627,3.846757689166983
SP_C_F_CCW_3,SP_C,F,CCW,3,2.5hz,1,CTRV,152.12489993841115,5.45872172386226
SP_C_A_CW_3,SP_C,A,CW,3,2.5hz,1,CTRV,100.13962483937642,5.092672372636325
SP_C_F_CCW_4,SP_C,F,CCW,4,2.5hz,1,CTRV,146.29639648480142,5.3628973162641715
SP_C_F_CW_4,SP_C,F,CW,4,2.5hz,1,CTRV,129.8753585868608,4.545462790696536
SP_C_F_CW_1,SP_C,F,CW,1,2.5hz,1,CTRV,122.74886115496707,6.195938523441845
SP_C_F_CCW_1,SP_C,F,CCW,1,2.5hz,1,CTRV,153.53028948332047,5.141709969937396
IL_C_A_RCW_3,IL_C,A,RCW,3,2.5hz,1,CTRV,123.96979370121507,6.123247108466745
IL_C_A_RCCW_4,IL_C,A,RCCW,4,2.5hz,1,CTRV,123.45534211547616,3.6243001815493834
IL_C_F_RCCW_4,IL_C,F,RCCW,4,2.5hz,1,CTRV,121.22315143660812,3.8078777118915985
IL_C_F_RCCW_3,IL_C,F,RCCW,3,2.5hz,1,CTRV,125.98884796619872,3.9097031751301343
IL_C_F_RCCW_1,IL_C,F,RCCW,1,2.5hz,1,CTRV,133.0032102799568,4.697275818959551
IL_C_A_RCW_2,IL_C,A,RCW,2,2.5hz,1,CTRV,123.79751695794799,3.0187225394892403
IL_C_F_RCW_4,IL_C,F,RCW,4,2.5hz,1,CTRV,121.55092275369162,3.288964947438967
IL_C_F_RCW_6,IL_C,F,RCW,6,2.5hz,1,CTRV,120.01803496728276,3.4042986479181954
IL_C_F_RCW_2,IL_C,F,RCW,2,2.5hz,1,CTRV,121.74671822223323,3.741264395804502
IL_C_F_RCW_1,IL_C,F,RCW,1,2.5hz,1,CTRV,115.63448887647087,4.222091301633981
IL_C_A_RCCW_2,IL_C,A,RCCW,2,2.5hz,1,CTRV,143.8026888853006,3.545153248824143
IL_C_A_RCCW_3,IL_C,A,RCCW,3,2.5hz,1,CTRV,139.31144972863407,4.821390952868786
IL_C_A_RCCW_1,IL_C,A,RCCW,1,2.5hz,1,CTRV,129.28577450044864,4.163620824754651
IL_C_F_RCW_7,IL_C,F,RCW,7,2.5hz,1,CTRV,117.9167262473653,3.386363157856583
IL_C_F_RCW_3,IL_C,F,RCW,3,2.5hz,1,CTRV,116.69640924730592,3.6150003643589
IL_C_A_RCW_1,IL_C,A,RCW,1,2.5hz,1,CTRV,115.20595775164404,3.2357606020031064
IL_C_A_RCW_4,IL_C,A,RCW,4,2.5hz,1,CTRV,134.649635695907,4.44304131320046
IL_C_F_RCCW_2,IL_C,F,RCCW,2,2.5hz,1,CTRV,132.7226923488483,6.168824251125602
IL_C_F_RCW_5,IL_C,F,RCW,5,2.5hz,1,CTRV,119.44427730547837,3.744339256806842
DL_C_F_TLBR_5,DL_C,F,TLBR,5,2.5hz,1,CTRV,45.11645390309453,0.7751858541956537
DL_C_F_BRTL_5,DL_C,F,BRTL,5,2.5hz,1,CTRV,44.020695026359355,0.7790921146846852
DL_C_A_BRTL_2,DL_C,A,BRTL,2,2.5hz,1,CTRV,28.08123339733901,0.43107315063575674
DL_C_F_BRTL_1,DL_C,F,BRTL,1,2.5hz,1,CTRV,38.707813813281206,0.7952230714665655
DL_C_F_TLBR_6,DL_C,F,TLBR,6,2.5hz,1,CTRV,42.186475510526094,1.0028071032180446
DL_C_F_BRTL_2,DL_C,F,BRTL,2,2.5hz,1,CTRV,12.964096892808177,0.18889353521527547
DL_C_A_TLBR_3,DL_C,A,TLBR,3,2.5hz,1,CTRV,21.786442007267507,0.394348379050619
DL_C_A_TLBR_1,DL_C,A,TLBR,1,2.5hz,1,CTRV,41.821705574011716,0.7471039057328832
DL_C_F_TLBR_2,DL_C,F,TLBR,2,2.5hz,1,CTRV,37.24468256178513,0.7408733875200259
DL_C_F_TLBR_4,DL_C,F,TLBR,4,2.5hz,1,CTRV,53.199926800693525,1.5107792015177337
DL_C_A_TLBR_2,DL_C,A,TLBR,2,2.5hz,1,CTRV,46.58826255352496,0.480669834478851
DL_C_A_BRTL_1,DL_C,A,BRTL,1,2.5hz,1,CTRV,36.8548577160275,0.3489002006422674
DL_C_A_BRTL_3,DL_C,A,BRTL,3,2.5hz,1,CTRV,25.22372100765436,0.26328106778672555
DL_C_F_BRTL_6,DL_C,F,BRTL,6,2.5hz,1,CTRV,57.19395338715282,1.4974390240780382
DL_C_F_BRTL_4,DL_C,F,BRTL,4,2.5hz,1,CTRV,70.95256768759566,1.3179180123582106
DL_C_F_BRTL_3,DL_C,F,BRTL,3,2.5hz,1,CTRV,38.07447871700763,0.5963505722574017
DL_C_F_TLBR_1,DL_C,F,TLBR,1,2.5hz,1,CTRV,48.35524174222198,0.9670501703700634
DL_C_F_TLBR_3,DL_C,F,TLBR,3,2.5hz,1,CTRV,44.77023279778049,0.8166206055893012
HL_C_F_RL_4,HL_C,F,RL,4,2.5hz,1,CTRV,67.7397464033405,1.7315021832370483
HL_C_A_RL_2,HL_C,A,RL,2,2.5hz,1,CTRV,47.55874161121305,0.4968295831302304
HL_C_F_RL_3,HL_C,F,RL,3,2.5hz,1,CTRV,56.163923957383005,0.9278688148302193
HL_C_F_RL_1,HL_C,F,RL,1,2.5hz,1,CTRV,57.891599628256515,1.1054957326461203
HL_C_A_LR_1,HL_C,A,LR,1,2.5hz,1,CTRV,24.72510223297643,0.3574106446620302
HL_C_A_RL_3,HL_C,A,RL,3,2.5hz,1,CTRV,102.64961540264426,1.3923180374222033
HL_C_F_LR_1,HL_C,F,LR,1,2.5hz,1,CTRV,49.05754508377197,0.9655028396861896
HL_C_F_LR_3,HL_C,F,LR,3,2.5hz,1,CTRV,37.90734830755556,0.6507151881011732
HL_C_F_LR_4,HL_C,F,LR,4,2.5hz,1,CTRV,61.62154023220361,1.0699763007224328
HL_C_A_LR_3,HL_C,A,LR,3,2.5hz,1,CTRV,14.746454760146719,0.2896532251108679
HL_C_A_LR_2,HL_C,A,LR,2,2.5hz,1,CTRV,32.022545535030126,0.4044830298121728
HL_C_F_RL_6,HL_C,F,RL,6,2.5hz,1,CTRV,61.23585980508765,1.3440330819034292
HL_C_A_RL_1,HL_C,A,RL,1,2.5hz,1,CTRV,107.50685365226309,1.9250628913184846
HL_C_F_RL_5,HL_C,F,RL,5,2.5hz,1,CTRV,63.20843861493428,1.0270618613355564
HL_C_F_LR_2,HL_C,F,LR,2,2.5hz,1,CTRV,44.19333545705416,0.8385830651563467
HL_C_F_LR_6,HL_C,F,LR,6,2.5hz,1,CTRV,47.41760202246614,1.1753648259540113
HL_C_F_RL_2,HL_C,F,RL,2,2.5hz,1,CTRV,65.42900117752133,1.2349397840027603
HL_C_F_LR_5,HL_C,F,LR,5,2.5hz,1,CTRV,67.34609686208134,1.1443318982650956
VL_C_F_TD_3,VL_C,F,TD,3,2.5hz,1,CTRV,45.483862510825894,1.0055174159963938
VL_C_F_BU_5,VL_C,F,BU,5,2.5hz,1,CTRV,,
VL_C_F_BU_6,VL_C,F,BU,6,2.5hz,1,CTRV,22.27138050717328,0.38904305752414897
VL_C_F_TD_5,VL_C,F,TD,5,2.5hz,1,CTRV,,
VL_C_A_TD_1,VL_C,A,TD,1,2.5hz,1,CTRV,38.65557429618478,0.5563177768558314
VL_C_A_BU_3,VL_C,A,BU,3,2.5hz,1,CTRV,,
VL_C_A_BU_1,VL_C,A,BU,1,2.5hz,1,CTRV,36.93247669577456,0.5192226056430526
VL_C_F_TD_2,VL_C,F,TD,2,2.5hz,1,CTRV,37.248625952953034,1.2374522561944363
VL_C_A_TD_3,VL_C,A,TD,3,2.5hz,1,CTRV,58.91419353642425,1.2260058768738948
VL_C_F_TD_6,VL_C,F,TD,6,2.5hz,1,CTRV,34.63686074987481,0.8452243642603596
VL_C_F_BU_1,VL_C,F,BU,1,2.5hz,1,CTRV,38.47262847052142,0.8676759623393839
VL_C_F_TD_1,VL_C,F,TD,1,2.5hz,1,CTRV,7.551971677240783,0.24911778922547254
VL_C_F_TD_4,VL_C,F,TD,4,2.5hz,1,CTRV,67.36459349403025,1.9890110883546086
VL_C_A_TD_2,VL_C,A,TD,2,2.5hz,1,CTRV,,
VL_C_A_BU_2,VL_C,A,BU,2,2.5hz,1,CTRV,,
VL_C_F_BU_4,VL_C,F,BU,4,2.5hz,1,CTRV,,
VL_C_F_BU_3,VL_C,F,BU,3,2.5hz,1,CTRV,36.19012689482901,1.1064272927431213
VL_C_F_BU_2,VL_C,F,BU,2,2.5hz,1,CTRV,53.1534420739695,0.975815877651695
