Dataset Name,Path Type,Acceleration Type,Path Direction,Path Number,Sample Rate,Prediction Horizon,Prediction Model,Angular Avg. Window,Linear Avg. Window,Average ADE,Average ADE (Normalized),Average FDE,Average FDE (Normalized)
VL_C_F_TD_3,VL_C,F,TD,3,2.5hz,8,CV,,8,24.880790745243093,0.7518284209980833,,
VL_C_F_BU_5,VL_C,F,BU,5,2.5hz,8,CV,,8,,,,
VL_C_F_BU_6,VL_C,F,BU,6,2.5hz,8,CV,,8,,,,
VL_C_F_TD_5,VL_C,F,TD,5,2.5hz,8,CV,,8,,,,
VL_C_A_TD_1,VL_C,A,TD,1,2.5hz,8,CV,,8,27.759804638752613,0.8234793479491936,,
VL_C_A_BU_3,VL_C,A,BU,3,2.5hz,8,CV,,8,,,,
VL_C_A_BU_1,VL_C,A,BU,1,2.5hz,8,CV,,8,,,,
VL_C_F_TD_2,VL_C,F,TD,2,2.5hz,8,CV,,8,36.70043708258384,0.6761822020422872,,
VL_C_A_TD_3,VL_C,A,TD,3,2.5hz,8,CV,,8,61.88862811276574,1.0685222312221148,,
VL_C_F_TD_6,VL_C,F,TD,6,2.5hz,8,CV,,8,67.27532881113991,3.3738127526085173,,
VL_C_F_BU_1,VL_C,F,BU,1,2.5hz,8,CV,,8,,,,
VL_C_F_TD_1,VL_C,F,TD,1,2.5hz,8,CV,,8,,,,
VL_C_F_TD_4,VL_C,F,TD,4,2.5hz,8,CV,,8,40.406827305352934,1.0170962776933403,,
VL_C_A_TD_2,VL_C,A,TD,2,2.5hz,8,CV,,8,42.312023553105945,0.5739306955039639,,
VL_C_A_BU_2,VL_C,A,BU,2,2.5hz,8,CV,,8,,,,
VL_C_F_BU_4,VL_C,F,BU,4,2.5hz,8,CV,,8,,,,
VL_C_F_BU_3,VL_C,F,BU,3,2.5hz,8,CV,,8,,,,
VL_C_F_BU_2,VL_C,F,BU,2,2.5hz,8,CV,,8,,,,
HL_C_F_RL_4,HL_C,F,RL,4,2.5hz,8,CV,,8,46.226043110336065,1.1647393611867836,,
HL_C_A_RL_2,HL_C,A,RL,2,2.5hz,8,CV,,8,49.871100519061656,0.729251255719236,,
HL_C_F_RL_3,HL_C,F,RL,3,2.5hz,8,CV,,8,13.715936864836593,0.2244319211945717,,
HL_C_F_RL_1,HL_C,F,RL,1,2.5hz,8,CV,,8,22.419860513789363,0.4546047976557298,,
HL_C_A_LR_1,HL_C,A,LR,1,2.5hz,8,CV,,8,,,,
HL_C_A_RL_3,HL_C,A,RL,3,2.5hz,8,CV,,8,104.69057765545543,1.455008492570808,,
HL_C_F_LR_1,HL_C,F,LR,1,2.5hz,8,CV,,8,,,,
HL_C_F_LR_3,HL_C,F,LR,3,2.5hz,8,CV,,8,,,,
HL_C_F_LR_4,HL_C,F,LR,4,2.5hz,8,CV,,8,,,,
HL_C_A_LR_3,HL_C,A,LR,3,2.5hz,8,CV,,8,,,,
HL_C_A_LR_2,HL_C,A,LR,2,2.5hz,8,CV,,8,,,,
HL_C_F_RL_6,HL_C,F,RL,6,2.5hz,8,CV,,8,66.34479589409983,1.433167523871137,,
HL_C_A_RL_1,HL_C,A,RL,1,2.5hz,8,CV,,8,108.4256712494144,1.1652837056679615,,
HL_C_F_RL_5,HL_C,F,RL,5,2.5hz,8,CV,,8,,,,
HL_C_F_LR_2,HL_C,F,LR,2,2.5hz,8,CV,,8,,,,
HL_C_F_LR_6,HL_C,F,LR,6,2.5hz,8,CV,,8,,,,
HL_C_F_RL_2,HL_C,F,RL,2,2.5hz,8,CV,,8,22.52641169999741,0.460151126680444,,
HL_C_F_LR_5,HL_C,F,LR,5,2.5hz,8,CV,,8,,,,
DL_C_F_TLBR_5,DL_C,F,TLBR,5,2.5hz,8,CV,,8,,,,
DL_C_F_BRTL_5,DL_C,F,BRTL,5,2.5hz,8,CV,,8,42.419610748383455,0.7545233331784926,,
DL_C_A_BRTL_2,DL_C,A,BRTL,2,2.5hz,8,CV,,8,,,,
DL_C_F_BRTL_1,DL_C,F,BRTL,1,2.5hz,8,CV,,8,,,,
DL_C_F_TLBR_6,DL_C,F,TLBR,6,2.5hz,8,CV,,8,,,,
DL_C_F_BRTL_2,DL_C,F,BRTL,2,2.5hz,8,CV,,8,,,,
DL_C_A_TLBR_3,DL_C,A,TLBR,3,2.5hz,8,CV,,8,,,,
DL_C_A_TLBR_1,DL_C,A,TLBR,1,2.5hz,8,CV,,8,,,,
DL_C_F_TLBR_2,DL_C,F,TLBR,2,2.5hz,8,CV,,8,,,,
DL_C_F_TLBR_4,DL_C,F,TLBR,4,2.5hz,8,CV,,8,,,,
DL_C_A_TLBR_2,DL_C,A,TLBR,2,2.5hz,8,CV,,8,,,,
DL_C_A_BRTL_1,DL_C,A,BRTL,1,2.5hz,8,CV,,8,,,,
DL_C_A_BRTL_3,DL_C,A,BRTL,3,2.5hz,8,CV,,8,,,,
DL_C_F_BRTL_6,DL_C,F,BRTL,6,2.5hz,8,CV,,8,45.1684083856345,1.151221822603412,,
DL_C_F_BRTL_4,DL_C,F,BRTL,4,2.5hz,8,CV,,8,44.164135037543765,0.6499898547890188,,
DL_C_F_BRTL_3,DL_C,F,BRTL,3,2.5hz,8,CV,,8,,,,
DL_C_F_TLBR_1,DL_C,F,TLBR,1,2.5hz,8,CV,,8,,,,
DL_C_F_TLBR_3,DL_C,F,TLBR,3,2.5hz,8,CV,,8,,,,
IL_C_A_RCW_3,IL_C,A,RCW,3,2.5hz,8,CV,,8,141.1003098490737,7.441591261674862,256.62662576913414,1.7079709819625128
IL_C_A_RCCW_4,IL_C,A,RCCW,4,2.5hz,8,CV,,8,155.14233678696243,4.574692194800028,258.17407908605026,0.9134659548639075
IL_C_F_RCCW_4,IL_C,F,RCCW,4,2.5hz,8,CV,,8,174.6087002040028,5.580882360043533,290.49395500607824,0.9636883632440688
IL_C_F_RCCW_3,IL_C,F,RCCW,3,2.5hz,8,CV,,8,178.96027695589567,5.3469107431611,303.13552951624524,1.0472894492954719
IL_C_F_RCCW_1,IL_C,F,RCCW,1,2.5hz,8,CV,,8,153.43842061687127,5.279108811564292,268.6318622649957,1.0946709052186243
IL_C_A_RCW_2,IL_C,A,RCW,2,2.5hz,8,CV,,8,167.76598597690736,4.013988564759947,264.336557230533,0.9089045109464352
IL_C_F_RCW_4,IL_C,F,RCW,4,2.5hz,8,CV,,8,178.87227809667388,4.715987801028979,274.3313776461114,0.8353665342031892
IL_C_F_RCW_6,IL_C,F,RCW,6,2.5hz,8,CV,,8,172.23373510469196,4.952194600426468,337.04395349514334,1.3430631163982043
IL_C_F_RCW_2,IL_C,F,RCW,2,2.5hz,8,CV,,8,176.22010061206524,5.634607021804814,306.7561085840545,1.2053355839189615
IL_C_F_RCW_1,IL_C,F,RCW,1,2.5hz,8,CV,,8,185.9624416005347,7.748136542559138,348.164181807644,1.716573580324963
IL_C_A_RCCW_2,IL_C,A,RCCW,2,2.5hz,8,CV,,8,220.9254633134048,33.53265874773148,347.6192653275336,0.8747946966553959
IL_C_A_RCCW_3,IL_C,A,RCCW,3,2.5hz,8,CV,,8,185.77669903658656,6.228505778693674,309.6547125312866,1.1676632811752214
IL_C_A_RCCW_1,IL_C,A,RCCW,1,2.5hz,8,CV,,8,185.78612127462773,6.723772891121312,306.11534204078595,1.166299988684926
IL_C_F_RCW_7,IL_C,F,RCW,7,2.5hz,8,CV,,8,186.77304221612778,5.32362529862507,301.7929891132973,0.9921478687376576
IL_C_F_RCW_3,IL_C,F,RCW,3,2.5hz,8,CV,,8,185.7263622569846,5.754923751612597,301.6028066862699,1.0370013195849288
IL_C_A_RCW_1,IL_C,A,RCW,1,2.5hz,8,CV,,8,182.9575545339156,5.692565885389643,311.1428920139089,1.178456256984766
IL_C_A_RCW_4,IL_C,A,RCW,4,2.5hz,8,CV,,8,215.18962917037047,7.136582642277028,359.9862057535707,1.2321024194695602
IL_C_F_RCCW_2,IL_C,F,RCCW,2,2.5hz,8,CV,,8,145.35775027182802,6.1785548890815924,249.66149191057048,1.0930566930439276
IL_C_F_RCW_5,IL_C,F,RCW,5,2.5hz,8,CV,,8,162.87744790927647,5.4712892786051315,281.97141237135304,1.1915736958925232
SP_C_A_CCW_4,SP_C,A,CCW,4,2.5hz,8,CV,,8,153.3879991211343,5.673415261192837,317.0570861039217,1.2441346163271698
SP_C_A_CW_4,SP_C,A,CW,4,2.5hz,8,CV,,8,119.39702131364514,9.52814147111261,239.19754952245296,1.2914154299701774
SP_C_A_CCW_1,SP_C,A,CCW,1,2.5hz,8,CV,,8,153.90090699727944,5.930965184213045,314.86143492166883,1.4568846919008762
SP_C_F_CW_2,SP_C,F,CW,2,2.5hz,8,CV,,8,160.87323569162376,6.067586080121248,315.62047946239846,1.3987773648857529
SP_C_F_CCW_2,SP_C,F,CCW,2,2.5hz,8,CV,,8,231.37752278715774,6.348569511586593,426.9449558300556,1.318764821030309
SP_C_A_CW_2,SP_C,A,CW,2,2.5hz,8,CV,,8,180.0502376283496,6.518248067539832,346.9352798523243,1.7975340987362178
SP_C_F_CW_3,SP_C,F,CW,3,2.5hz,8,CV,,8,201.1497876962745,6.434151298737112,395.212746826541,1.3640885754656493
SP_C_A_CW_1,SP_C,A,CW,1,2.5hz,8,CV,,8,205.66543842102575,10.949355929864772,399.2274047277302,1.8019276377093796
SP_C_A_CCW_2,SP_C,A,CCW,2,2.5hz,8,CV,,8,146.46221986668272,4.237729999257559,263.0278978270707,1.2091241848488419
SP_C_A_CCW_3,SP_C,A,CCW,3,2.5hz,8,CV,,8,142.045855261885,4.487879331238541,278.5761750825357,1.0881829000895296
SP_C_F_CCW_3,SP_C,F,CCW,3,2.5hz,8,CV,,8,155.0804657757472,5.172282100519578,303.27807362874245,1.1613506820699406
SP_C_A_CW_3,SP_C,A,CW,3,2.5hz,8,CV,,8,205.66543842102575,10.949355929864772,399.2274047277302,1.8019276377093796
SP_C_F_CCW_4,SP_C,F,CCW,4,2.5hz,8,CV,,8,166.05551052496637,5.539139548779455,331.25800726603075,1.144185377602982
SP_C_F_CW_4,SP_C,F,CW,4,2.5hz,8,CV,,8,185.67194930833543,6.806450644885857,353.37147380067495,1.3750107101938769
SP_C_F_CW_1,SP_C,F,CW,1,2.5hz,8,CV,,8,133.8144995917708,7.197376388223766,262.33979018414436,1.3360894185190928
SP_C_F_CCW_1,SP_C,F,CCW,1,2.5hz,8,CV,,8,151.0651516251986,6.011720560258245,298.5676094774798,1.7474526274161661
CP_C_F_CW_1,CP_C,F,CW,1,2.5hz,8,CV,,8,227.96939865360451,6.685842364361138,421.51089768408895,1.2649387923719986
CP_C_F_CCW_1,CP_C,F,CCW,1,2.5hz,8,CV,,8,205.08226637051882,5.808120761371912,364.038642350229,1.1248669359135726
CP_C_A_CCW_3,CP_C,A,CCW,3,2.5hz,8,CV,,8,257.21260714138475,5.927009631229251,402.09148158264634,1.285932125826954
CP_C_A_CCW_1,CP_C,A,CCW,1,2.5hz,8,CV,,8,290.827459260215,11.708344501850496,484.6050723309509,1.2210956918345874
CP_C_F_CW_4,CP_C,F,CW,4,2.5hz,8,CV,,8,214.06860880567865,5.7777375872561745,353.77839656474265,0.9460460990949227
CP_C_F_CW_3,CP_C,F,CW,3,2.5hz,8,CV,,8,228.79348699916795,5.967923606381601,420.6008807522996,1.2392587271159483
CP_C_F_CW_2,CP_C,F,CW,2,2.5hz,8,CV,,8,236.03101962934502,5.3122842387297595,427.59972343120177,1.2622259677544418
CP_C_A_CW_2,CP_C,A,CW,2,2.5hz,8,CV,,8,232.30901184932858,4.637771898243732,381.03424514106456,0.8862475018981778
CP_C_A_CW_3,CP_C,A,CW,3,2.5hz,8,CV,,8,206.6267324422499,3.9726076266543484,355.04469245061193,0.8590937138199077
CP_C_A_CCW_2,CP_C,A,CCW,2,2.5hz,8,CV,,8,301.1835426218912,5.82977562117685,514.6056842480144,1.177435306755734
CP_C_F_CCW_2,CP_C,F,CCW,2,2.5hz,8,CV,,8,211.50079834698897,6.411853846224858,394.4193909033908,1.2729983325355845
CP_C_F_CCW_3,CP_C,F,CCW,3,2.5hz,8,CV,,8,260.57770145879476,6.184866698286438,454.265264006683,1.5944157562235752
CP_C_A_CW_1,CP_C,A,CW,1,2.5hz,8,CV,,8,314.9584393161433,8.930299057525948,523.3717338797005,1.322689701377918
VL_C_F_TD_3,VL_C,F,TD,3,2.5hz,10,CV,,8,20.72624638139239,0.6482008120292476,,
VL_C_F_BU_5,VL_C,F,BU,5,2.5hz,10,CV,,8,,,,
VL_C_F_BU_6,VL_C,F,BU,6,2.5hz,10,CV,,8,,,,
VL_C_F_TD_5,VL_C,F,TD,5,2.5hz,10,CV,,8,,,,
VL_C_A_TD_1,VL_C,A,TD,1,2.5hz,10,CV,,8,,,,
VL_C_A_BU_3,VL_C,A,BU,3,2.5hz,10,CV,,8,,,,
VL_C_A_BU_1,VL_C,A,BU,1,2.5hz,10,CV,,8,,,,
VL_C_F_TD_2,VL_C,F,TD,2,2.5hz,10,CV,,8,36.70043708258384,0.6761822020422872,,
VL_C_A_TD_3,VL_C,A,TD,3,2.5hz,10,CV,,8,85.2616597623663,1.5263052503159071,,
VL_C_F_TD_6,VL_C,F,TD,6,2.5hz,10,CV,,8,,,,
VL_C_F_BU_1,VL_C,F,BU,1,2.5hz,10,CV,,8,,,,
VL_C_F_TD_1,VL_C,F,TD,1,2.5hz,10,CV,,8,,,,
VL_C_F_TD_4,VL_C,F,TD,4,2.5hz,10,CV,,8,,,,
VL_C_A_TD_2,VL_C,A,TD,2,2.5hz,10,CV,,8,,,,
VL_C_A_BU_2,VL_C,A,BU,2,2.5hz,10,CV,,8,,,,
VL_C_F_BU_4,VL_C,F,BU,4,2.5hz,10,CV,,8,,,,
VL_C_F_BU_3,VL_C,F,BU,3,2.5hz,10,CV,,8,,,,
VL_C_F_BU_2,VL_C,F,BU,2,2.5hz,10,CV,,8,,,,
HL_C_F_RL_4,HL_C,F,RL,4,2.5hz,10,CV,,8,,,,
HL_C_A_RL_2,HL_C,A,RL,2,2.5hz,10,CV,,8,49.871100519061656,0.729251255719236,,
HL_C_F_RL_3,HL_C,F,RL,3,2.5hz,10,CV,,8,13.715936864836593,0.2244319211945717,,
HL_C_F_RL_1,HL_C,F,RL,1,2.5hz,10,CV,,8,22.419860513789363,0.4546047976557298,,
HL_C_A_LR_1,HL_C,A,LR,1,2.5hz,10,CV,,8,,,,
HL_C_A_RL_3,HL_C,A,RL,3,2.5hz,10,CV,,8,104.69057765545543,1.455008492570808,,
HL_C_F_LR_1,HL_C,F,LR,1,2.5hz,10,CV,,8,,,,
HL_C_F_LR_3,HL_C,F,LR,3,2.5hz,10,CV,,8,,,,
HL_C_F_LR_4,HL_C,F,LR,4,2.5hz,10,CV,,8,,,,
HL_C_A_LR_3,HL_C,A,LR,3,2.5hz,10,CV,,8,,,,
HL_C_A_LR_2,HL_C,A,LR,2,2.5hz,10,CV,,8,,,,
HL_C_F_RL_6,HL_C,F,RL,6,2.5hz,10,CV,,8,95.7478477914621,2.0869285920235687,,
HL_C_A_RL_1,HL_C,A,RL,1,2.5hz,10,CV,,8,108.4256712494144,1.1652837056679615,,
HL_C_F_RL_5,HL_C,F,RL,5,2.5hz,10,CV,,8,,,,
HL_C_F_LR_2,HL_C,F,LR,2,2.5hz,10,CV,,8,,,,
HL_C_F_LR_6,HL_C,F,LR,6,2.5hz,10,CV,,8,,,,
HL_C_F_RL_2,HL_C,F,RL,2,2.5hz,10,CV,,8,22.52641169999741,0.460151126680444,,
HL_C_F_LR_5,HL_C,F,LR,5,2.5hz,10,CV,,8,,,,
DL_C_F_TLBR_5,DL_C,F,TLBR,5,2.5hz,10,CV,,8,,,,
DL_C_F_BRTL_5,DL_C,F,BRTL,5,2.5hz,10,CV,,8,,,,
DL_C_A_BRTL_2,DL_C,A,BRTL,2,2.5hz,10,CV,,8,,,,
DL_C_F_BRTL_1,DL_C,F,BRTL,1,2.5hz,10,CV,,8,,,,
DL_C_F_TLBR_6,DL_C,F,TLBR,6,2.5hz,10,CV,,8,,,,
DL_C_F_BRTL_2,DL_C,F,BRTL,2,2.5hz,10,CV,,8,,,,
DL_C_A_TLBR_3,DL_C,A,TLBR,3,2.5hz,10,CV,,8,,,,
DL_C_A_TLBR_1,DL_C,A,TLBR,1,2.5hz,10,CV,,8,,,,
DL_C_F_TLBR_2,DL_C,F,TLBR,2,2.5hz,10,CV,,8,,,,
DL_C_F_TLBR_4,DL_C,F,TLBR,4,2.5hz,10,CV,,8,,,,
DL_C_A_TLBR_2,DL_C,A,TLBR,2,2.5hz,10,CV,,8,,,,
DL_C_A_BRTL_1,DL_C,A,BRTL,1,2.5hz,10,CV,,8,,,,
DL_C_A_BRTL_3,DL_C,A,BRTL,3,2.5hz,10,CV,,8,,,,
DL_C_F_BRTL_6,DL_C,F,BRTL,6,2.5hz,10,CV,,8,78.79449635998695,2.0104451284024942,,
DL_C_F_BRTL_4,DL_C,F,BRTL,4,2.5hz,10,CV,,8,,,,
DL_C_F_BRTL_3,DL_C,F,BRTL,3,2.5hz,10,CV,,8,,,,
DL_C_F_TLBR_1,DL_C,F,TLBR,1,2.5hz,10,CV,,8,,,,
DL_C_F_TLBR_3,DL_C,F,TLBR,3,2.5hz,10,CV,,8,,,,
IL_C_A_RCW_3,IL_C,A,RCW,3,2.5hz,10,CV,,8,170.08917079155967,8.63206353859433,318.95783593016773,1.5622969195949414
IL_C_A_RCCW_4,IL_C,A,RCCW,4,2.5hz,10,CV,,8,197.54045727191672,5.691249250511337,319.5548606104574,0.8901850430869173
IL_C_F_RCCW_4,IL_C,F,RCCW,4,2.5hz,10,CV,,8,214.1105133335445,6.86635549307906,346.9766059906078,0.921209362785378
IL_C_F_RCCW_3,IL_C,F,RCCW,3,2.5hz,10,CV,,8,211.24040699138533,6.294200786581568,349.37345458401563,0.9583262859684263
IL_C_F_RCCW_1,IL_C,F,RCCW,1,2.5hz,10,CV,,8,177.88278498691432,6.160654930703602,303.9729056516249,0.9929043010415699
IL_C_A_RCW_2,IL_C,A,RCW,2,2.5hz,10,CV,,8,204.89833631469784,4.763029938723455,316.8292594561164,0.8457017099073606
IL_C_F_RCW_4,IL_C,F,RCW,4,2.5hz,10,CV,,8,223.58516205225405,5.857743476123488,340.25305751339715,0.8241925539216238
IL_C_F_RCW_6,IL_C,F,RCW,6,2.5hz,10,CV,,8,210.53112302465468,6.185275027438455,367.9633036152992,1.06974598396642
IL_C_F_RCW_2,IL_C,F,RCW,2,2.5hz,10,CV,,8,204.59646999587173,6.386756160576395,331.8677502563564,0.9850420908783799
IL_C_F_RCW_1,IL_C,F,RCW,1,2.5hz,10,CV,,8,217.050951141273,8.43100621078314,386.2154018468453,1.3678182443886546
IL_C_A_RCCW_2,IL_C,A,RCCW,2,2.5hz,10,CV,,8,262.43477473080094,17.31402723593126,404.1632286353143,0.7802614938070807
IL_C_A_RCCW_3,IL_C,A,RCCW,3,2.5hz,10,CV,,8,214.54358511911417,7.371717166419558,350.98597645716353,1.0306721146513635
IL_C_A_RCCW_1,IL_C,A,RCCW,1,2.5hz,10,CV,,8,216.4859119786245,8.023512275087205,336.7980768362808,1.032444113754034
IL_C_F_RCW_7,IL_C,F,RCW,7,2.5hz,10,CV,,8,221.3798090680515,6.129191717959298,340.1130870553921,0.8752797734103326
IL_C_F_RCW_3,IL_C,F,RCW,3,2.5hz,10,CV,,8,214.9315178464639,6.533171918356352,336.4441958611798,0.9148287555090647
IL_C_A_RCW_1,IL_C,A,RCW,1,2.5hz,10,CV,,8,223.17398918860482,6.8698761416497485,362.79872083522235,1.069854706322391
IL_C_A_RCW_4,IL_C,A,RCW,4,2.5hz,10,CV,,8,261.72774857500616,8.473061520254642,429.5548756508329,1.1312429287081183
IL_C_F_RCCW_2,IL_C,F,RCCW,2,2.5hz,10,CV,,8,170.1812876469351,7.251734096330423,287.28045891204107,0.9908078821967765
IL_C_F_RCW_5,IL_C,F,RCW,5,2.5hz,10,CV,,8,192.22630208680005,6.268562324067719,307.30751038381464,0.991735763875827
SP_C_A_CCW_4,SP_C,A,CCW,4,2.5hz,10,CV,,8,194.5864310406305,7.402524114185242,414.30846082716425,1.2986743233720228
SP_C_A_CW_4,SP_C,A,CW,4,2.5hz,10,CV,,8,154.08436353695063,12.737635384646902,314.74478565241697,1.3423496143515663
SP_C_A_CCW_1,SP_C,A,CCW,1,2.5hz,10,CV,,8,201.4491857843933,7.829163297728021,429.5861153393171,1.552089236773536
SP_C_F_CW_2,SP_C,F,CW,2,2.5hz,10,CV,,8,201.2705775455145,7.795398654510025,404.4169254664476,1.3942022532656144
SP_C_F_CCW_2,SP_C,F,CCW,2,2.5hz,10,CV,,8,271.42734458679666,7.585459673165594,504.97445152708065,1.24219257833213
SP_C_A_CW_2,SP_C,A,CW,2,2.5hz,10,CV,,8,210.6044975224091,7.274548164052182,422.21415245213814,1.7665580942952495
SP_C_F_CW_3,SP_C,F,CW,3,2.5hz,10,CV,,8,236.80961214638918,7.708678723318376,478.41553258917355,1.3162664836329392
SP_C_A_CW_1,SP_C,A,CW,1,2.5hz,10,CV,,8,271.5345401375355,15.584257160589361,538.6696814308249,1.955084278950883
SP_C_A_CCW_2,SP_C,A,CCW,2,2.5hz,10,CV,,8,159.972262679225,4.7333271856832635,303.053734786491,1.1210384074998672
SP_C_A_CCW_3,SP_C,A,CCW,3,2.5hz,10,CV,,8,175.61270066640316,5.438106296704892,347.57961203822447,1.0860927981922353
SP_C_F_CCW_3,SP_C,F,CCW,3,2.5hz,10,CV,,8,198.1574571987225,6.596505171629455,397.8487097742091,1.207566567387441
SP_C_A_CW_3,SP_C,A,CW,3,2.5hz,10,CV,,8,271.5345401375355,15.584257160589361,538.6696814308249,1.955084278950883
SP_C_F_CCW_4,SP_C,F,CCW,4,2.5hz,10,CV,,8,213.84689571054335,7.101419193648202,429.9457725102892,1.1929488287850691
SP_C_F_CW_4,SP_C,F,CW,4,2.5hz,10,CV,,8,224.51112721153862,8.43338009124755,430.27790496068263,1.3412355524377668
SP_C_F_CW_1,SP_C,F,CW,1,2.5hz,10,CV,,8,170.06222191577638,9.232391855741923,340.50853736876354,1.3555467747479304
SP_C_F_CCW_1,SP_C,F,CCW,1,2.5hz,10,CV,,8,193.87260022927654,7.77990935085391,389.26348850375115,1.846618669360367
CP_C_F_CW_1,CP_C,F,CW,1,2.5hz,10,CV,,8,260.35784764373017,8.095724072016871,474.7236296993599,1.1617827525376367
CP_C_F_CCW_1,CP_C,F,CCW,1,2.5hz,10,CV,,8,231.47195440447857,6.55432889624524,401.143658143958,0.9892361292298892
CP_C_A_CCW_3,CP_C,A,CCW,3,2.5hz,10,CV,,8,241.5299702699145,5.979507107176786,361.83073876201036,0.90950136923511
CP_C_A_CCW_1,CP_C,A,CCW,1,2.5hz,10,CV,,8,332.6119832022024,16.08598859434889,542.8336880237555,1.1411755768600371
CP_C_F_CW_4,CP_C,F,CW,4,2.5hz,10,CV,,8,,,,
CP_C_F_CW_3,CP_C,F,CW,3,2.5hz,10,CV,,8,267.5333820327715,7.411729183289652,483.0803704126127,1.179133242396247
CP_C_F_CW_2,CP_C,F,CW,2,2.5hz,10,CV,,8,259.94111434410735,5.853630498252414,438.52858596087594,1.1179929619289863
CP_C_A_CW_2,CP_C,A,CW,2,2.5hz,10,CV,,8,211.75251844946106,4.532836090046715,329.9941573330359,0.6482609374698759
CP_C_A_CW_3,CP_C,A,CW,3,2.5hz,10,CV,,8,201.81045882850844,4.04805392873943,298.0235452917335,0.5988075920115346
CP_C_A_CCW_2,CP_C,A,CCW,2,2.5hz,10,CV,,8,331.8449214932008,6.940685074213519,559.9318825768013,1.0717373850076055
CP_C_F_CCW_2,CP_C,F,CCW,2,2.5hz,10,CV,,8,255.90310577959704,7.843597486031856,473.7441206859467,1.225673945416965
CP_C_F_CCW_3,CP_C,F,CCW,3,2.5hz,10,CV,,8,281.32562823174885,6.730103313281175,497.1684849768278,1.33092451038354
CP_C_A_CW_1,CP_C,A,CW,1,2.5hz,10,CV,,8,329.35160420363457,10.065141267114704,555.7106785977684,1.1325008258056284
VL_C_F_TD_3,VL_C,F,TD,3,2.5hz,6,CV,,8,26.430174245603556,1.0093708508679455,,
VL_C_F_BU_5,VL_C,F,BU,5,2.5hz,6,CV,,8,,,,
VL_C_F_BU_6,VL_C,F,BU,6,2.5hz,6,CV,,8,,,,
VL_C_F_TD_5,VL_C,F,TD,5,2.5hz,6,CV,,8,,,,
VL_C_A_TD_1,VL_C,A,TD,1,2.5hz,6,CV,,8,27.759804638752613,0.8234793479491936,,
VL_C_A_BU_3,VL_C,A,BU,3,2.5hz,6,CV,,8,,,,
VL_C_A_BU_1,VL_C,A,BU,1,2.5hz,6,CV,,8,,,,
VL_C_F_TD_2,VL_C,F,TD,2,2.5hz,6,CV,,8,36.70043708258384,0.6761822020422872,,
VL_C_A_TD_3,VL_C,A,TD,3,2.5hz,6,CV,,8,61.88862811276574,1.0685222312221148,,
VL_C_F_TD_6,VL_C,F,TD,6,2.5hz,6,CV,,8,33.284664103814855,1.8731616818757282,,
VL_C_F_BU_1,VL_C,F,BU,1,2.5hz,6,CV,,8,,,,
VL_C_F_TD_1,VL_C,F,TD,1,2.5hz,6,CV,,8,,,,
VL_C_F_TD_4,VL_C,F,TD,4,2.5hz,6,CV,,8,35.08925892828909,0.7999107839960423,,
VL_C_A_TD_2,VL_C,A,TD,2,2.5hz,6,CV,,8,42.312023553105945,0.5739306955039639,,
VL_C_A_BU_2,VL_C,A,BU,2,2.5hz,6,CV,,8,,,,
VL_C_F_BU_4,VL_C,F,BU,4,2.5hz,6,CV,,8,,,,
VL_C_F_BU_3,VL_C,F,BU,3,2.5hz,6,CV,,8,,,,
VL_C_F_BU_2,VL_C,F,BU,2,2.5hz,6,CV,,8,,,,
HL_C_F_RL_4,HL_C,F,RL,4,2.5hz,6,CV,,8,29.64148764149506,0.7562199075579575,66.40519765331692,0.2721547618607032
HL_C_A_RL_2,HL_C,A,RL,2,2.5hz,6,CV,,8,49.871100519061656,0.729251255719236,,
HL_C_F_RL_3,HL_C,F,RL,3,2.5hz,6,CV,,8,13.715936864836593,0.2244319211945717,,
HL_C_F_RL_1,HL_C,F,RL,1,2.5hz,6,CV,,8,22.419860513789363,0.4546047976557298,,
HL_C_A_LR_1,HL_C,A,LR,1,2.5hz,6,CV,,8,,,,
HL_C_A_RL_3,HL_C,A,RL,3,2.5hz,6,CV,,8,104.69057765545543,1.455008492570808,,
HL_C_F_LR_1,HL_C,F,LR,1,2.5hz,6,CV,,8,,,,
HL_C_F_LR_3,HL_C,F,LR,3,2.5hz,6,CV,,8,,,,
HL_C_F_LR_4,HL_C,F,LR,4,2.5hz,6,CV,,8,22.892992988258406,0.5623635444259609,47.310718677905676,0.28473385894008885
HL_C_A_LR_3,HL_C,A,LR,3,2.5hz,6,CV,,8,,,,
HL_C_A_LR_2,HL_C,A,LR,2,2.5hz,6,CV,,8,,,,
HL_C_F_RL_6,HL_C,F,RL,6,2.5hz,6,CV,,8,48.1011783185838,1.0350737548563802,171.8863016897011,0.6314786681440943
HL_C_A_RL_1,HL_C,A,RL,1,2.5hz,6,CV,,8,108.4256712494144,1.1652837056679615,,
HL_C_F_RL_5,HL_C,F,RL,5,2.5hz,6,CV,,8,38.39016169430067,0.6880677927212662,,
HL_C_F_LR_2,HL_C,F,LR,2,2.5hz,6,CV,,8,,,,
HL_C_F_LR_6,HL_C,F,LR,6,2.5hz,6,CV,,8,50.75349774222638,1.5175602101816772,83.0925756524458,0.37264996288164803
HL_C_F_RL_2,HL_C,F,RL,2,2.5hz,6,CV,,8,22.52641169999741,0.460151126680444,,
HL_C_F_LR_5,HL_C,F,LR,5,2.5hz,6,CV,,8,,,,
DL_C_F_TLBR_5,DL_C,F,TLBR,5,2.5hz,6,CV,,8,,,,
DL_C_F_BRTL_5,DL_C,F,BRTL,5,2.5hz,6,CV,,8,26.46193624709481,0.4705991300924154,,
DL_C_A_BRTL_2,DL_C,A,BRTL,2,2.5hz,6,CV,,8,85.1489172915386,1.4828128457802303,,
DL_C_F_BRTL_1,DL_C,F,BRTL,1,2.5hz,6,CV,,8,,,,
DL_C_F_TLBR_6,DL_C,F,TLBR,6,2.5hz,6,CV,,8,,,,
DL_C_F_BRTL_2,DL_C,F,BRTL,2,2.5hz,6,CV,,8,,,,
DL_C_A_TLBR_3,DL_C,A,TLBR,3,2.5hz,6,CV,,8,,,,
DL_C_A_TLBR_1,DL_C,A,TLBR,1,2.5hz,6,CV,,8,91.54597807123197,3.7064764387537994,192.5333792459955,0.6212836324688348
DL_C_F_TLBR_2,DL_C,F,TLBR,2,2.5hz,6,CV,,8,,,,
DL_C_F_TLBR_4,DL_C,F,TLBR,4,2.5hz,6,CV,,8,55.89403025788142,1.5941540047991263,94.26596379030946,0.40956346801082955
DL_C_A_TLBR_2,DL_C,A,TLBR,2,2.5hz,6,CV,,8,,,,
DL_C_A_BRTL_1,DL_C,A,BRTL,1,2.5hz,6,CV,,8,,,,
DL_C_A_BRTL_3,DL_C,A,BRTL,3,2.5hz,6,CV,,8,,,,
DL_C_F_BRTL_6,DL_C,F,BRTL,6,2.5hz,6,CV,,8,30.085515814378596,0.773193805996083,88.13195688435114,0.37507478279905254
DL_C_F_BRTL_4,DL_C,F,BRTL,4,2.5hz,6,CV,,8,29.937165155299354,0.4427102367890799,122.22348009664285,0.5673449531156699
DL_C_F_BRTL_3,DL_C,F,BRTL,3,2.5hz,6,CV,,8,46.65334546169581,0.8202296804851059,,
DL_C_F_TLBR_1,DL_C,F,TLBR,1,2.5hz,6,CV,,8,,,,
DL_C_F_TLBR_3,DL_C,F,TLBR,3,2.5hz,6,CV,,8,,,,
IL_C_A_RCW_3,IL_C,A,RCW,3,2.5hz,6,CV,,8,109.9594377423714,5.915081269245401,194.90283416685662,1.907309770738864
IL_C_A_RCCW_4,IL_C,A,RCCW,4,2.5hz,6,CV,,8,122.83970547313237,3.587419169897722,209.87549926360123,0.9735497839500665
IL_C_F_RCCW_4,IL_C,F,RCCW,4,2.5hz,6,CV,,8,144.7524693200088,4.545515783036068,245.04012204399396,1.0772786101832863
IL_C_F_RCCW_3,IL_C,F,RCCW,3,2.5hz,6,CV,,8,144.82567771129413,4.414852236110007,246.76803639246003,1.1672987763316733
IL_C_F_RCCW_1,IL_C,F,RCCW,1,2.5hz,6,CV,,8,121.9456550053305,4.172587758599849,212.01171900070543,1.147800509867617
IL_C_A_RCW_2,IL_C,A,RCW,2,2.5hz,6,CV,,8,146.7680310903732,3.978082661472276,242.96105215167776,1.3757679773214908
IL_C_F_RCW_4,IL_C,F,RCW,4,2.5hz,6,CV,,8,153.1766679680408,4.200623576759469,246.8508784550646,1.014248737449212
IL_C_F_RCW_6,IL_C,F,RCW,6,2.5hz,6,CV,,8,138.40544787674168,3.8528217911214324,269.69863230840434,1.6528764657465933
IL_C_F_RCW_2,IL_C,F,RCW,2,2.5hz,6,CV,,8,143.72020567519183,4.679635925701416,253.4726114880245,1.4479370778892178
IL_C_F_RCW_1,IL_C,F,RCW,1,2.5hz,6,CV,,8,145.67820056904603,6.32325327118661,264.63615204211163,1.983895535379853
IL_C_A_RCCW_2,IL_C,A,RCCW,2,2.5hz,6,CV,,8,186.78143808866514,36.359392551587554,302.22073036169087,1.069865145723317
IL_C_A_RCCW_3,IL_C,A,RCCW,3,2.5hz,6,CV,,8,147.29721884520714,4.795950588728097,248.77454231448928,1.258022087439918
IL_C_A_RCCW_1,IL_C,A,RCCW,1,2.5hz,6,CV,,8,151.28209080989592,5.020450146409445,263.96848222177516,1.3524398556006483
IL_C_F_RCW_7,IL_C,F,RCW,7,2.5hz,6,CV,,8,156.70169722253513,4.595839738693585,260.14484137050175,1.1637846958449785
IL_C_F_RCW_3,IL_C,F,RCW,3,2.5hz,6,CV,,8,156.57728779075484,4.996819763511864,259.59672912020585,1.1991660390214545
IL_C_A_RCW_1,IL_C,A,RCW,1,2.5hz,6,CV,,8,148.99364652562764,4.57909684812374,257.10437170470385,1.3751026476155173
IL_C_A_RCW_4,IL_C,A,RCW,4,2.5hz,6,CV,,8,172.09917430613368,5.925610250693035,290.07107295182817,1.4100002571309271
IL_C_F_RCCW_2,IL_C,F,RCCW,2,2.5hz,6,CV,,8,117.1845066602835,4.9709585465230335,201.04063654721662,1.198651247343634
IL_C_F_RCW_5,IL_C,F,RCW,5,2.5hz,6,CV,,8,136.82330543589634,4.526824634373772,240.27644133288086,1.4196620265482058
SP_C_A_CCW_4,SP_C,A,CCW,4,2.5hz,6,CV,,8,114.51179288992132,4.133761810655721,224.02175418141056,1.1831195329206647
SP_C_A_CW_4,SP_C,A,CW,4,2.5hz,6,CV,,8,87.37333963115462,6.648736222159095,167.59042434578615,1.206245211167946
SP_C_A_CCW_1,SP_C,A,CCW,1,2.5hz,6,CV,,8,113.66858688543634,4.331023417593249,214.89482529582125,1.347508804809608
SP_C_F_CW_2,SP_C,F,CW,2,2.5hz,6,CV,,8,121.06572221852743,4.461058678335206,228.94163731554616,1.3671188354476238
SP_C_F_CCW_2,SP_C,F,CCW,2,2.5hz,6,CV,,8,176.7027699507263,4.7644508769207725,326.9839557100429,1.3564119072275482
SP_C_A_CW_2,SP_C,A,CW,2,2.5hz,6,CV,,8,137.42622773397818,5.1196375030127355,252.65521546762406,1.655748058246411
SP_C_F_CW_3,SP_C,F,CW,3,2.5hz,6,CV,,8,156.33615565505792,4.912223454960941,291.7237101743483,1.363854983758562
SP_C_A_CW_1,SP_C,A,CW,1,2.5hz,6,CV,,8,147.66249898333893,7.492427694809303,273.307363251702,1.620969293370626
SP_C_A_CCW_2,SP_C,A,CCW,2,2.5hz,6,CV,,8,130.4898103126358,3.8629158164196813,214.64728371590226,1.4752600977316206
SP_C_A_CCW_3,SP_C,A,CCW,3,2.5hz,6,CV,,8,104.56169948306072,3.376016656608329,204.94843437633713,1.064193477812842
SP_C_F_CCW_3,SP_C,F,CCW,3,2.5hz,6,CV,,8,116.32277610114078,3.9105258651576644,216.16663045831945,1.1391008925910346
SP_C_A_CW_3,SP_C,A,CW,3,2.5hz,6,CV,,8,147.66249898333893,7.492427694809303,273.307363251702,1.620969293370626
SP_C_F_CCW_4,SP_C,F,CCW,4,2.5hz,6,CV,,8,122.37609079210051,4.1476089823149,231.1677891257546,1.0748496340627323
SP_C_F_CW_4,SP_C,F,CW,4,2.5hz,6,CV,,8,140.0006294130425,4.985428931417446,258.912155002349,1.356329773778074
SP_C_F_CW_1,SP_C,F,CW,1,2.5hz,6,CV,,8,98.8859389875752,5.211830374434104,183.8505983121514,1.2642036636862797
SP_C_F_CCW_1,SP_C,F,CCW,1,2.5hz,6,CV,,8,111.79091029788991,4.200409009900721,206.91939388308478,1.6498905899143883
CP_C_F_CW_1,CP_C,F,CW,1,2.5hz,6,CV,,8,180.84665868902724,5.129341696549835,326.3031612898459,1.2959307892260488
CP_C_F_CCW_1,CP_C,F,CCW,1,2.5hz,6,CV,,8,162.41083593697056,4.613898889448048,288.0313507759436,1.1868556240511496
CP_C_A_CCW_3,CP_C,A,CCW,3,2.5hz,6,CV,,8,229.52381131224638,5.272128382020299,391.873094994954,1.9907303259210494
CP_C_A_CCW_1,CP_C,A,CCW,1,2.5hz,6,CV,,8,233.1259001822318,8.65036426681187,389.61142404087343,1.3017688916917933
CP_C_F_CW_4,CP_C,F,CW,4,2.5hz,6,CV,,8,204.7263418044399,5.124012675181706,347.6132884913008,1.2145676821104185
CP_C_F_CW_3,CP_C,F,CW,3,2.5hz,6,CV,,8,183.4489954745283,4.724463909240925,328.4329624337042,1.2779448183014381
CP_C_F_CW_2,CP_C,F,CW,2,2.5hz,6,CV,,8,190.4634430749214,4.285086222483774,343.14545811565694,1.34495850601654
CP_C_A_CW_2,CP_C,A,CW,2,2.5hz,6,CV,,8,202.61773142748225,3.854108661244885,346.6269316249667,1.0304453028957261
CP_C_A_CW_3,CP_C,A,CW,3,2.5hz,6,CV,,8,183.79544841948294,3.5408259965538136,324.5086313209105,1.0432453645464552
CP_C_A_CCW_2,CP_C,A,CCW,2,2.5hz,6,CV,,8,242.83671584202503,4.673236938618321,422.2830549399987,1.2911845934804929
CP_C_F_CCW_2,CP_C,F,CCW,2,2.5hz,6,CV,,8,163.9072667179019,4.978226087610119,299.89608180862905,1.297570258872322
CP_C_F_CCW_3,CP_C,F,CCW,3,2.5hz,6,CV,,8,201.53677679642448,4.318369207025086,357.6255429490559,1.8159329245990476
CP_C_A_CW_1,CP_C,A,CW,1,2.5hz,6,CV,,8,249.27564706046735,6.605815288301584,416.93544888491374,1.4276207746609764
VL_C_F_TD_3,VL_C,F,TD,3,2.5hz,4,CV,,8,26.430174245603556,1.0093708508679455,25.253927363758784,0.16003119288343043
VL_C_F_BU_5,VL_C,F,BU,5,2.5hz,4,CV,,8,,,,
VL_C_F_BU_6,VL_C,F,BU,6,2.5hz,4,CV,,8,24.188694462496816,0.6066166931556395,,
VL_C_F_TD_5,VL_C,F,TD,5,2.5hz,4,CV,,8,11.712230097946602,0.1976200108028706,,
VL_C_A_TD_1,VL_C,A,TD,1,2.5hz,4,CV,,8,27.759804638752613,0.8234793479491936,,
VL_C_A_BU_3,VL_C,A,BU,3,2.5hz,4,CV,,8,,,,
VL_C_A_BU_1,VL_C,A,BU,1,2.5hz,4,CV,,8,,,,
VL_C_F_TD_2,VL_C,F,TD,2,2.5hz,4,CV,,8,36.70043708258384,0.6761822020422872,,
VL_C_A_TD_3,VL_C,A,TD,3,2.5hz,4,CV,,8,61.888628112765744,1.0685222312221148,200.8929148358275,0.9697077765542303
VL_C_F_TD_6,VL_C,F,TD,6,2.5hz,4,CV,,8,33.59228192308959,2.1364071999822154,115.57649247478476,0.8547833376942008
VL_C_F_BU_1,VL_C,F,BU,1,2.5hz,4,CV,,8,,,,
VL_C_F_TD_1,VL_C,F,TD,1,2.5hz,4,CV,,8,12.244584288913071,0.36603688498427833,,
VL_C_F_TD_4,VL_C,F,TD,4,2.5hz,4,CV,,8,35.08925892828909,0.7999107839960423,,
VL_C_A_TD_2,VL_C,A,TD,2,2.5hz,4,CV,,8,42.312023553105945,0.5739306955039639,,
VL_C_A_BU_2,VL_C,A,BU,2,2.5hz,4,CV,,8,,,,
VL_C_F_BU_4,VL_C,F,BU,4,2.5hz,4,CV,,8,,,,
VL_C_F_BU_3,VL_C,F,BU,3,2.5hz,4,CV,,8,54.120634394729144,1.3096288658935167,,
VL_C_F_BU_2,VL_C,F,BU,2,2.5hz,4,CV,,8,25.567269970505752,0.481866192041921,,
HL_C_F_RL_4,HL_C,F,RL,4,2.5hz,4,CV,,8,17.39879737613032,0.42585660646748397,34.783666688358274,0.20576692828863152
HL_C_A_RL_2,HL_C,A,RL,2,2.5hz,4,CV,,8,49.871100519061656,0.729251255719236,,
HL_C_F_RL_3,HL_C,F,RL,3,2.5hz,4,CV,,8,13.715936864836593,0.2244319211945717,,
HL_C_F_RL_1,HL_C,F,RL,1,2.5hz,4,CV,,8,21.02001454455076,0.4179206046021317,60.08741399587322,0.2873892968183702
HL_C_A_LR_1,HL_C,A,LR,1,2.5hz,4,CV,,8,,,,
HL_C_A_RL_3,HL_C,A,RL,3,2.5hz,4,CV,,8,104.69057765545543,1.455008492570808,310.04133224539544,1.0070549713416808
HL_C_F_LR_1,HL_C,F,LR,1,2.5hz,4,CV,,8,21.034302731502002,0.4699845965548468,32.603319406197684,0.17278141567468108
HL_C_F_LR_3,HL_C,F,LR,3,2.5hz,4,CV,,8,9.41713914106774,0.16726566520732755,11.432779223888105,0.05017853419638955
HL_C_F_LR_4,HL_C,F,LR,4,2.5hz,4,CV,,8,16.068626014894754,0.3516255969077215,32.23621174257798,0.387268017764694
HL_C_A_LR_3,HL_C,A,LR,3,2.5hz,4,CV,,8,118.13705904757805,5.6075554880031495,228.1287312283243,1.337139067798708
HL_C_A_LR_2,HL_C,A,LR,2,2.5hz,4,CV,,8,,,,
HL_C_F_RL_6,HL_C,F,RL,6,2.5hz,4,CV,,8,34.331547787506224,0.7453992167870775,85.49946490610716,0.46571111580910357
HL_C_A_RL_1,HL_C,A,RL,1,2.5hz,4,CV,,8,108.4256712494144,1.1652837056679615,265.54864221578805,0.9627127780298153
HL_C_F_RL_5,HL_C,F,RL,5,2.5hz,4,CV,,8,29.30847392223597,0.4946834307854594,60.7775564763287,0.2548551833669574
HL_C_F_LR_2,HL_C,F,LR,2,2.5hz,4,CV,,8,29.31024519059835,0.6264716016501951,42.71846399769859,0.21909249459015964
HL_C_F_LR_6,HL_C,F,LR,6,2.5hz,4,CV,,8,30.634498808720707,0.8238418315487035,46.23785782491574,0.29485277327942905
HL_C_F_RL_2,HL_C,F,RL,2,2.5hz,4,CV,,8,21.39489868851552,0.4284428645020533,49.28288326846155,0.23466231688049777
HL_C_F_LR_5,HL_C,F,LR,5,2.5hz,4,CV,,8,22.10098050176525,0.23089117992762326,40.78334399929148,0.36531438309761666
DL_C_F_TLBR_5,DL_C,F,TLBR,5,2.5hz,4,CV,,8,60.875221427582716,0.9365909268577743,105.90678143908463,0.419281297212386
DL_C_F_BRTL_5,DL_C,F,BRTL,5,2.5hz,4,CV,,8,26.46193624709481,0.4705991300924154,98.94885531694669,0.4405881240529672
DL_C_A_BRTL_2,DL_C,A,BRTL,2,2.5hz,4,CV,,8,56.830838597146546,1.1014465330926604,98.6328785344935,0.3542199786938983
DL_C_F_BRTL_1,DL_C,F,BRTL,1,2.5hz,4,CV,,8,29.259171789145594,0.5276573366904619,72.84184380321084,0.31222070776467303
DL_C_F_TLBR_6,DL_C,F,TLBR,6,2.5hz,4,CV,,8,21.863973919482323,0.5092332124217718,33.90372403983629,0.19252596889990728
DL_C_F_BRTL_2,DL_C,F,BRTL,2,2.5hz,4,CV,,8,12.913306839513744,0.22990390621081094,,
DL_C_A_TLBR_3,DL_C,A,TLBR,3,2.5hz,4,CV,,8,,,,
DL_C_A_TLBR_1,DL_C,A,TLBR,1,2.5hz,4,CV,,8,63.504918122041715,2.2459553834474977,121.61915139193371,0.6710771994918022
DL_C_F_TLBR_2,DL_C,F,TLBR,2,2.5hz,4,CV,,8,,,,
DL_C_F_TLBR_4,DL_C,F,TLBR,4,2.5hz,4,CV,,8,21.089559536403822,0.6256120999992177,29.447962746835874,0.19357698537317572
DL_C_A_TLBR_2,DL_C,A,TLBR,2,2.5hz,4,CV,,8,,,,
DL_C_A_BRTL_1,DL_C,A,BRTL,1,2.5hz,4,CV,,8,,,,
DL_C_A_BRTL_3,DL_C,A,BRTL,3,2.5hz,4,CV,,8,57.55380491434216,1.1927266017089246,87.46627701582798,0.2950061644840557
DL_C_F_BRTL_6,DL_C,F,BRTL,6,2.5hz,4,CV,,8,19.759795014503972,0.5039419717877935,42.43031431642164,0.27095300282776297
DL_C_F_BRTL_4,DL_C,F,BRTL,4,2.5hz,4,CV,,8,21.053269944429935,0.4427102367890799,57.46242139434943,0.3250384313582214
DL_C_F_BRTL_3,DL_C,F,BRTL,3,2.5hz,4,CV,,8,27.448259491544217,0.49072623252235037,99.90490699991634,0.4136443217700076
DL_C_F_TLBR_1,DL_C,F,TLBR,1,2.5hz,4,CV,,8,57.85036152275471,1.2666363344887803,79.76432397236009,0.4063716202701461
DL_C_F_TLBR_3,DL_C,F,TLBR,3,2.5hz,4,CV,,8,35.291065930799256,0.672626300058297,58.68252018295387,0.2703093695637165
IL_C_A_RCW_3,IL_C,A,RCW,3,2.5hz,4,CV,,8,76.86557659242412,3.9466110329393267,128.04386385651074,1.3895090776423944
IL_C_A_RCCW_4,IL_C,A,RCCW,4,2.5hz,4,CV,,8,95.45160132878489,2.6365024339569474,156.00469455356233,1.0321988856437683
IL_C_F_RCCW_4,IL_C,F,RCCW,4,2.5hz,4,CV,,8,106.26002355879051,3.3174964182861597,171.97093375914244,1.1398800607283832
IL_C_F_RCCW_3,IL_C,F,RCCW,3,2.5hz,4,CV,,8,103.3954181948646,3.17249013912708,168.38579514688945,1.2165980351156416
IL_C_F_RCCW_1,IL_C,F,RCCW,1,2.5hz,4,CV,,8,87.09539047368611,3.006530885762324,143.06157500455691,1.163686201171228
IL_C_A_RCW_2,IL_C,A,RCW,2,2.5hz,4,CV,,8,105.66937740852798,2.777471976865841,179.40138557707718,1.9478276843527003
IL_C_F_RCW_4,IL_C,F,RCW,4,2.5hz,4,CV,,8,116.67168316003534,3.215451554570511,185.48523714342332,1.1424973083718788
IL_C_F_RCW_6,IL_C,F,RCW,6,2.5hz,4,CV,,8,99.43282383641557,2.7067798208866933,168.93287639344175,1.1469333552481418
IL_C_F_RCW_2,IL_C,F,RCW,2,2.5hz,4,CV,,8,104.0523343094378,3.4161944377347995,168.1246436859481,1.5342545731994106
IL_C_F_RCW_1,IL_C,F,RCW,1,2.5hz,4,CV,,8,102.16134718147893,4.129854139930594,170.70834620377497,2.3818520460519155
IL_C_A_RCCW_2,IL_C,A,RCCW,2,2.5hz,4,CV,,8,135.5924959749614,19.2746002478245,212.95972488691174,1.1834503562656173
IL_C_A_RCCW_3,IL_C,A,RCCW,3,2.5hz,4,CV,,8,103.09507596985756,3.261823853963955,168.11073252171826,1.2691206069874599
IL_C_A_RCCW_1,IL_C,A,RCCW,1,2.5hz,4,CV,,8,107.37293495166288,3.4558899902710194,174.71053190892374,1.3654335555070036
IL_C_F_RCW_7,IL_C,F,RCW,7,2.5hz,4,CV,,8,114.77851571253181,3.387038880929599,185.22898816940167,1.2568130805233426
IL_C_F_RCW_3,IL_C,F,RCW,3,2.5hz,4,CV,,8,113.21674867274065,3.591006258997183,182.97502867966836,1.266670714503143
IL_C_A_RCW_1,IL_C,A,RCW,1,2.5hz,4,CV,,8,110.58618669348803,3.314455854998112,177.452071499204,1.5242435221819342
IL_C_A_RCW_4,IL_C,A,RCW,4,2.5hz,4,CV,,8,121.88080656841782,4.203542853906513,197.07050209429613,1.4743070845877428
IL_C_F_RCCW_2,IL_C,F,RCCW,2,2.5hz,4,CV,,8,84.24345124762287,3.4471657048674147,140.92685853412402,1.293974440101486
IL_C_F_RCW_5,IL_C,F,RCW,5,2.5hz,4,CV,,8,97.64795301577938,3.123887804451052,158.98298978986787,1.5464616511173375
SP_C_A_CCW_4,SP_C,A,CCW,4,2.5hz,4,CV,,8,80.17109249944072,2.779867944029289,142.14377572340373,1.171904919782346
SP_C_A_CW_4,SP_C,A,CW,4,2.5hz,4,CV,,8,59.059694881419155,4.287663150600015,103.0829532713181,1.1116125741094114
SP_C_A_CCW_1,SP_C,A,CCW,1,2.5hz,4,CV,,8,76.09125100459886,2.8535956304655477,129.618900678681,1.4035449791144101
SP_C_F_CW_2,SP_C,F,CW,2,2.5hz,4,CV,,8,82.09838727995988,2.9541751195888573,139.05679886250712,1.2923697408556083
SP_C_F_CCW_2,SP_C,F,CCW,2,2.5hz,4,CV,,8,119.80853265036775,3.12602897064758,202.86057833828644,1.3208332756817198
SP_C_A_CW_2,SP_C,A,CW,2,2.5hz,4,CV,,8,91.07087059022405,3.649604649234188,153.67503052724305,1.7206415126476051
SP_C_F_CW_3,SP_C,F,CW,3,2.5hz,4,CV,,8,107.04304400838369,3.313269416058478,181.37624684474324,1.273894678513783
SP_C_A_CW_1,SP_C,A,CW,1,2.5hz,4,CV,,8,94.77254389760895,4.511658364020574,162.44838138100295,1.3997188662243003
SP_C_A_CCW_2,SP_C,A,CCW,2,2.5hz,4,CV,,8,94.67612998518479,2.7059724325618757,150.13382743934412,1.592917661931725
SP_C_A_CCW_3,SP_C,A,CCW,3,2.5hz,4,CV,,8,69.06000942043165,2.2419847977906895,126.53653141426749,0.9810289041131407
SP_C_F_CCW_3,SP_C,F,CCW,3,2.5hz,4,CV,,8,80.00822579436083,2.698775010498957,136.14399848513816,1.139074325643235
SP_C_A_CW_3,SP_C,A,CW,3,2.5hz,4,CV,,8,94.77254389760895,4.511658364020574,162.44838138100295,1.3997188662243003
SP_C_F_CCW_4,SP_C,F,CCW,4,2.5hz,4,CV,,8,84.06128200137147,2.9185838686050007,144.56696571356878,1.018029693684237
SP_C_F_CW_4,SP_C,F,CW,4,2.5hz,4,CV,,8,96.23103557308306,3.2979994952431237,162.31898703537476,1.265407676085301
SP_C_F_CW_1,SP_C,F,CW,1,2.5hz,4,CV,,8,65.54588494175933,3.317010679172008,110.20345730964694,1.1428541844900109
SP_C_F_CCW_1,SP_C,F,CCW,1,2.5hz,4,CV,,8,74.8813358920764,2.5824479972866716,124.84020085010333,1.5512989897823468
CP_C_F_CW_1,CP_C,F,CW,1,2.5hz,4,CV,,8,125.50798774639205,3.521149222260597,210.54341035910127,1.2638769606806912
CP_C_F_CCW_1,CP_C,F,CCW,1,2.5hz,4,CV,,8,115.68542759113029,3.3479737239492917,192.527156425102,1.1957270622777112
CP_C_A_CCW_3,CP_C,A,CCW,3,2.5hz,4,CV,,8,168.25881460806164,3.4331331856052323,268.4423031140474,2.0347913324268254
CP_C_A_CCW_1,CP_C,A,CCW,1,2.5hz,4,CV,,8,160.92397784264256,5.780310073553281,255.67417036430962,1.3490364971144377
CP_C_F_CW_4,CP_C,F,CW,4,2.5hz,4,CV,,8,148.2300074180205,3.5386250454248263,242.4434375636391,1.2673931587589284
CP_C_F_CW_3,CP_C,F,CW,3,2.5hz,4,CV,,8,125.8932398884791,3.264138311653777,211.18499951777196,1.2594373440260662
CP_C_F_CW_2,CP_C,F,CW,2,2.5hz,4,CV,,8,137.36434348009948,3.081013335746048,230.37160271872727,1.375458890275361
CP_C_A_CW_2,CP_C,A,CW,2,2.5hz,4,CV,,8,153.06079497785663,2.963936985430995,251.79175492284838,1.133931406830476
CP_C_A_CW_3,CP_C,A,CW,3,2.5hz,4,CV,,8,139.54966601923363,2.7165610215772826,230.14731857888495,1.0989913737862076
CP_C_A_CCW_2,CP_C,A,CCW,2,2.5hz,4,CV,,8,171.86737732662849,3.3193259770090364,283.55546306914584,1.299694678965155
CP_C_F_CCW_2,CP_C,F,CCW,2,2.5hz,4,CV,,8,112.54985312927465,3.456151483562453,191.43576670831638,1.259412748620857
CP_C_F_CCW_3,CP_C,F,CCW,3,2.5hz,4,CV,,8,138.17297293728126,2.965632120737746,236.91796181574003,1.8535972266820684
CP_C_A_CW_1,CP_C,A,CW,1,2.5hz,4,CV,,8,167.18979518264356,4.14058409167019,271.93216757789764,1.4032310836401498
VL_C_F_TD_3,VL_C,F,TD,3,2.5hz,2,CV,,8,23.60696947059748,0.7786853125237521,24.32831499797946,0.23997412559764184
VL_C_F_BU_5,VL_C,F,BU,5,2.5hz,2,CV,,8,34.43091246602776,0.4509656677783528,,
VL_C_F_BU_6,VL_C,F,BU,6,2.5hz,2,CV,,8,25.458091144284715,0.6672369714678152,37.70522602548333,0.40125878944278753
VL_C_F_TD_5,VL_C,F,TD,5,2.5hz,2,CV,,8,11.712230097946602,0.1976200108028706,,
VL_C_A_TD_1,VL_C,A,TD,1,2.5hz,2,CV,,8,27.759804638752613,0.8234793479491936,33.49233808691044,0.32626327245937276
VL_C_A_BU_3,VL_C,A,BU,3,2.5hz,2,CV,,8,,,,
VL_C_A_BU_1,VL_C,A,BU,1,2.5hz,2,CV,,8,13.833125940742647,0.27419744696430126,13.898632601184232,0.12600862621219386
VL_C_F_TD_2,VL_C,F,TD,2,2.5hz,2,CV,,8,30.485650574031908,0.6502263088609744,32.09742149063466,0.39113672122401294
VL_C_A_TD_3,VL_C,A,TD,3,2.5hz,2,CV,,8,43.51054222814278,0.8471718847588068,66.64366157886798,0.678048808231897
VL_C_F_TD_6,VL_C,F,TD,6,2.5hz,2,CV,,8,25.541845157434565,1.3726247253350718,29.632113230812376,0.42090638817197595
VL_C_F_BU_1,VL_C,F,BU,1,2.5hz,2,CV,,8,13.444906525026044,0.28937605552948265,15.731167008156927,0.17130164770749945
VL_C_F_TD_1,VL_C,F,TD,1,2.5hz,2,CV,,8,8.774985169888794,0.25702704772350693,14.889520041223406,0.22506035521786158
VL_C_F_TD_4,VL_C,F,TD,4,2.5hz,2,CV,,8,34.444549247388316,0.9239889204728184,49.92669352472787,0.634668410575008
VL_C_A_TD_2,VL_C,A,TD,2,2.5hz,2,CV,,8,42.312023553105945,0.5739306955039639,,
VL_C_A_BU_2,VL_C,A,BU,2,2.5hz,2,CV,,8,,,,
VL_C_F_BU_4,VL_C,F,BU,4,2.5hz,2,CV,,8,32.976569998170966,0.4964164700939171,,
VL_C_F_BU_3,VL_C,F,BU,3,2.5hz,2,CV,,8,28.70663065869924,0.7307557506655983,39.391623479713076,0.5582748978919146
VL_C_F_BU_2,VL_C,F,BU,2,2.5hz,2,CV,,8,16.049194751000417,0.29585344910501016,27.682239602964152,0.25408901230748004
HL_C_F_RL_4,HL_C,F,RL,4,2.5hz,2,CV,,8,12.071084345217372,0.3082847769075334,14.753675427237093,0.17740462778832222
HL_C_A_RL_2,HL_C,A,RL,2,2.5hz,2,CV,,8,45.33871961352585,0.5741622093964666,70.36793007912439,0.3803249728029487
HL_C_F_RL_3,HL_C,F,RL,3,2.5hz,2,CV,,8,14.09805562119444,0.23643711455021513,19.659886299579266,0.15949891785642403
HL_C_F_RL_1,HL_C,F,RL,1,2.5hz,2,CV,,8,15.166996854120644,0.2784954929314283,23.32423505513372,0.21465349127870598
HL_C_A_LR_1,HL_C,A,LR,1,2.5hz,2,CV,,8,46.24426119785925,1.0366966032268259,68.78528884164115,0.6322707864263248
HL_C_A_RL_3,HL_C,A,RL,3,2.5hz,2,CV,,8,74.97787931584051,0.8762152061407289,129.3993182338027,0.7349348012099338
HL_C_F_LR_1,HL_C,F,LR,1,2.5hz,2,CV,,8,14.288941020177903,0.3026965583079915,14.894581129571312,0.15698742246406341
HL_C_F_LR_3,HL_C,F,LR,3,2.5hz,2,CV,,8,17.548454241552236,0.3307079509136285,22.2283500642052,0.20778356074995083
HL_C_F_LR_4,HL_C,F,LR,4,2.5hz,2,CV,,8,8.5913976277327,0.1760995017317275,10.93070656113297,0.12516154080968983
HL_C_A_LR_3,HL_C,A,LR,3,2.5hz,2,CV,,8,61.8969854905985,2.267647373680445,88.84046882125125,1.2526971007847931
HL_C_A_LR_2,HL_C,A,LR,2,2.5hz,2,CV,,8,44.24095345340377,0.9173987189294077,61.49633355429952,0.5873711930598815
HL_C_F_RL_6,HL_C,F,RL,6,2.5hz,2,CV,,8,22.352043773978078,0.49576679518515565,32.99954244536878,0.36564131833397745
HL_C_A_RL_1,HL_C,A,RL,1,2.5hz,2,CV,,8,75.44047800252187,0.964554498373715,115.3063476740442,0.8439988904349401
HL_C_F_RL_5,HL_C,F,RL,5,2.5hz,2,CV,,8,29.845578351450296,0.5506939271677643,27.234340663932162,0.23019150455549808
HL_C_F_LR_2,HL_C,F,LR,2,2.5hz,2,CV,,8,12.762943525420107,0.2563166471389482,16.251125018518717,0.16118660508127403
HL_C_F_LR_6,HL_C,F,LR,6,2.5hz,2,CV,,8,15.167221071035831,0.3883892231878642,18.56325615372612,0.22751824549731142
HL_C_F_RL_2,HL_C,F,RL,2,2.5hz,2,CV,,8,14.840125786849054,0.2779667990367325,22.677652017847187,0.20751586338241812
HL_C_F_LR_5,HL_C,F,LR,5,2.5hz,2,CV,,8,14.886982617309448,0.18503958127369877,17.860284408568084,0.10944338788750294
DL_C_F_TLBR_5,DL_C,F,TLBR,5,2.5hz,2,CV,,8,23.862969992106922,0.3824747768500247,33.91568087133546,0.2765068351788671
DL_C_F_BRTL_5,DL_C,F,BRTL,5,2.5hz,2,CV,,8,18.574312025923565,0.3329585788378944,30.690850562745997,0.2743528437168194
DL_C_A_BRTL_2,DL_C,A,BRTL,2,2.5hz,2,CV,,8,42.289628182269674,0.702065467725973,63.49573587444752,0.4961237078596104
DL_C_F_BRTL_1,DL_C,F,BRTL,1,2.5hz,2,CV,,8,19.744871649591296,0.34925008460485896,22.68479250016605,0.20822061568450345
DL_C_F_TLBR_6,DL_C,F,TLBR,6,2.5hz,2,CV,,8,12.60397068482595,0.2859053264596706,15.686422145597943,0.17626861750502762
DL_C_F_BRTL_2,DL_C,F,BRTL,2,2.5hz,2,CV,,8,12.913306839513744,0.22990390621081094,,
DL_C_A_TLBR_3,DL_C,A,TLBR,3,2.5hz,2,CV,,8,55.76312334021186,1.2617520038926795,79.86597563221747,0.8302550733708911
DL_C_A_TLBR_1,DL_C,A,TLBR,1,2.5hz,2,CV,,8,42.04563284206174,1.4183469858876698,56.85515294779484,0.8073490767001713
DL_C_F_TLBR_2,DL_C,F,TLBR,2,2.5hz,2,CV,,8,26.66108252648042,0.5763702789265485,34.27043926667295,0.374433301982359
DL_C_F_TLBR_4,DL_C,F,TLBR,4,2.5hz,2,CV,,8,15.988037310198095,0.44997918657876257,17.74131651258977,0.2318652348605191
DL_C_A_TLBR_2,DL_C,A,TLBR,2,2.5hz,2,CV,,8,40.62541693318637,0.6530427113422167,67.8370008181922,0.43760529819532745
DL_C_A_BRTL_1,DL_C,A,BRTL,1,2.5hz,2,CV,,8,82.05531752842118,0.7519055668554949,151.00049225445136,0.6996470717149804
DL_C_A_BRTL_3,DL_C,A,BRTL,3,2.5hz,2,CV,,8,48.1043057332235,1.0992494654455092,62.121801082838694,0.465817508640989
DL_C_F_BRTL_6,DL_C,F,BRTL,6,2.5hz,2,CV,,8,13.654016178948895,0.34071498523039867,18.16291044281798,0.22881039015957583
DL_C_F_BRTL_4,DL_C,F,BRTL,4,2.5hz,2,CV,,8,14.763642989178615,0.3332141221631005,20.500265404822397,0.2467075943269025
DL_C_F_BRTL_3,DL_C,F,BRTL,3,2.5hz,2,CV,,8,21.792496944124686,0.349897642372637,33.5957208565851,0.26010389847002274
DL_C_F_TLBR_1,DL_C,F,TLBR,1,2.5hz,2,CV,,8,26.061106526786332,0.5053147515500095,32.07800447773499,0.3006975354599356
DL_C_F_TLBR_3,DL_C,F,TLBR,3,2.5hz,2,CV,,8,16.75065312674994,0.32652628662281336,21.218868069845342,0.19857371992757633
IL_C_A_RCW_3,IL_C,A,RCW,3,2.5hz,2,CV,,8,44.20505749396524,2.096544925081907,58.62024723369553,1.0947177198935063
IL_C_A_RCCW_4,IL_C,A,RCCW,4,2.5hz,2,CV,,8,60.9469503244232,1.5906277957125186,82.22650534803782,1.0316026777585803
IL_C_F_RCCW_4,IL_C,F,RCCW,4,2.5hz,2,CV,,8,64.7117382199828,2.1652702038820246,86.27363877304168,1.1713641677093807
IL_C_F_RCCW_3,IL_C,F,RCCW,3,2.5hz,2,CV,,8,60.29362361697769,1.8574946684727491,80.89700078152224,1.2126289939645563
IL_C_F_RCCW_1,IL_C,F,RCCW,1,2.5hz,2,CV,,8,51.7325890759162,1.8180289952849529,68.93040299895834,1.137091500590712
IL_C_A_RCW_2,IL_C,A,RCW,2,2.5hz,2,CV,,8,62.53186021694996,1.6504659477967518,86.20011300962103,1.1239189200687523
IL_C_F_RCW_4,IL_C,F,RCW,4,2.5hz,2,CV,,8,69.37759631288328,1.8816321052584162,93.36599193760361,1.1819441943800157
IL_C_F_RCW_6,IL_C,F,RCW,6,2.5hz,2,CV,,8,57.33246089221946,1.6209873427496493,78.45756412568417,1.0793856031943365
IL_C_F_RCW_2,IL_C,F,RCW,2,2.5hz,2,CV,,8,61.337852746207886,1.9983000239363164,81.3354493829684,1.196203561319234
IL_C_F_RCW_1,IL_C,F,RCW,1,2.5hz,2,CV,,8,57.049973494724,2.192544421804337,78.28106125076616,1.2970642217325001
IL_C_A_RCCW_2,IL_C,A,RCCW,2,2.5hz,2,CV,,8,78.57431953318513,12.341934700164247,102.92177061106787,1.2027952303350047
IL_C_A_RCCW_3,IL_C,A,RCCW,3,2.5hz,2,CV,,8,58.7048723851033,1.8390391195418552,79.43112439200739,1.2183392248491864
IL_C_A_RCCW_1,IL_C,A,RCCW,1,2.5hz,2,CV,,8,63.165272076997724,2.1601934859030383,82.01311596266129,1.086635890800512
IL_C_F_RCW_7,IL_C,F,RCW,7,2.5hz,2,CV,,8,66.5778315252508,1.9292758120805928,89.87234102859703,1.2341005569982013
IL_C_F_RCW_3,IL_C,F,RCW,3,2.5hz,2,CV,,8,65.56508544703813,2.0129410335251015,88.41152602578285,1.2333352215677116
IL_C_A_RCW_1,IL_C,A,RCW,1,2.5hz,2,CV,,8,66.73166780802808,1.8603612293891436,89.61338827550033,1.2291255170473532
IL_C_A_RCW_4,IL_C,A,RCW,4,2.5hz,2,CV,,8,69.95724955689711,2.3036340650491223,94.04952370513469,1.4028292770104
IL_C_F_RCCW_2,IL_C,F,RCCW,2,2.5hz,2,CV,,8,50.13935268267264,2.0607437869735796,67.99344959400064,1.1050256142148527
IL_C_F_RCW_5,IL_C,F,RCW,5,2.5hz,2,CV,,8,56.16339150347279,1.7514080157761167,74.86049391753846,1.1969409007808287
SP_C_A_CCW_4,SP_C,A,CCW,4,2.5hz,2,CV,,8,46.68816073376429,1.5593773075282822,65.38053732101883,1.0466535749044774
SP_C_A_CW_4,SP_C,A,CW,4,2.5hz,2,CV,,8,35.33218840596918,2.2574415424667285,47.648172822097166,1.0158415635440934
SP_C_A_CCW_1,SP_C,A,CCW,1,2.5hz,2,CV,,8,44.20796326648422,1.6100768075092418,61.64555403873407,1.0667145678348096
SP_C_F_CW_2,SP_C,F,CW,2,2.5hz,2,CV,,8,45.183230942302615,1.5914729260467346,59.734838148131196,1.0028299441859976
SP_C_F_CCW_2,SP_C,F,CCW,2,2.5hz,2,CV,,8,66.44533601039761,1.6870167525651703,97.00429602674032,1.2261208469082663
SP_C_A_CW_2,SP_C,A,CW,2,2.5hz,2,CV,,8,47.87160366996504,2.928872378668696,63.48956850224534,0.9857613554445642
SP_C_F_CW_3,SP_C,F,CW,3,2.5hz,2,CV,,8,58.148060642959926,1.754599854684449,79.01617166281878,1.1139534017500348
SP_C_A_CW_1,SP_C,A,CW,1,2.5hz,2,CV,,8,50.682430340964224,2.121370017584218,70.52792576267827,1.1352833592808493
SP_C_A_CCW_2,SP_C,A,CCW,2,2.5hz,2,CV,,8,54.798242156657466,1.6148768983830208,69.2909207812415,0.9656106159676384
SP_C_A_CCW_3,SP_C,A,CCW,3,2.5hz,2,CV,,8,40.95617031573736,1.3047452754599025,55.79943609121279,0.8483400314322189
SP_C_F_CCW_3,SP_C,F,CCW,3,2.5hz,2,CV,,8,44.781971917239645,1.5517969851584654,60.36821601120414,0.9675360242853714
SP_C_A_CW_3,SP_C,A,CW,3,2.5hz,2,CV,,8,50.682430340964224,2.121370017584218,70.52792576267827,1.1352833592808493
SP_C_F_CCW_4,SP_C,F,CCW,4,2.5hz,2,CV,,8,48.913717529404934,1.685721575531663,66.32339598729016,0.9662262835470451
SP_C_F_CW_4,SP_C,F,CW,4,2.5hz,2,CV,,8,52.69130786399438,1.7365714686414646,71.80415650492488,1.1463867955938425
SP_C_F_CW_1,SP_C,F,CW,1,2.5hz,2,CV,,8,35.0997918207223,1.7627294635999073,46.72781166140357,1.010514814393249
SP_C_F_CCW_1,SP_C,F,CCW,1,2.5hz,2,CV,,8,40.591365639205506,1.3638854753121592,54.75713880086268,0.983915247167284
CP_C_F_CW_1,CP_C,F,CW,1,2.5hz,2,CV,,8,71.30223105816411,1.9379592958471052,97.20271485839876,1.1944578248059825
CP_C_F_CCW_1,CP_C,F,CCW,1,2.5hz,2,CV,,8,66.56725100524459,1.9557923284539518,89.12840545303578,1.136899394160104
CP_C_A_CCW_3,CP_C,A,CCW,3,2.5hz,2,CV,,8,92.8503055795257,1.7917132894644516,122.47500702224855,1.21479541085502
CP_C_A_CCW_1,CP_C,A,CCW,1,2.5hz,2,CV,,8,88.10293103509677,3.0025492984309405,117.7684864438147,1.4678091411164322
CP_C_F_CW_4,CP_C,F,CW,4,2.5hz,2,CV,,8,81.36177442855893,1.8962451168622836,111.02173101465422,1.2035871384879142
CP_C_F_CW_3,CP_C,F,CW,3,2.5hz,2,CV,,8,70.61301646532965,1.8520033224542587,96.56224641657158,1.2085356034901447
CP_C_F_CW_2,CP_C,F,CW,2,2.5hz,2,CV,,8,79.46952843579922,1.7729830266785434,109.0823954645501,1.167094354114325
CP_C_A_CW_2,CP_C,A,CW,2,2.5hz,2,CV,,8,87.12475224957724,1.7342317223590693,118.01687502160783,1.1202025512570772
CP_C_A_CW_3,CP_C,A,CW,3,2.5hz,2,CV,,8,82.14524246906251,1.63700362898062,111.0081378558461,1.0861536158953509
CP_C_A_CCW_2,CP_C,A,CCW,2,2.5hz,2,CV,,8,95.87584180307111,1.886523919152991,128.9982295005363,1.235816361275259
CP_C_F_CCW_2,CP_C,F,CCW,2,2.5hz,2,CV,,8,63.84895104961216,1.928612621283343,86.13931383443293,1.1348633832966935
CP_C_F_CCW_3,CP_C,F,CCW,3,2.5hz,2,CV,,8,77.84164609484527,1.7466638827652277,102.58592304032179,1.1681788817896928
CP_C_A_CW_1,CP_C,A,CW,1,2.5hz,2,CV,,8,89.45349471079292,2.0988354287695214,120.86939745164504,1.3122993603414004
